2026-03-16 02:24:10 [WARNING ] discord.client: PyNaCl is not installed, voice will NOT be supported
2026-03-16 02:24:10 [WARNING ] discord.client: davey is not installed, voice will NOT be supported
2026-03-16 02:24:10 [INFO    ] discord.client: logging in using static token
2026-03-16 02:24:11 [INFO    ] db.client: Supabase client initialised.
2026-03-16 02:24:11 [INFO    ] bot: Loaded cog: cogs.general
2026-03-16 02:24:11 [INFO    ] bot: Loaded cog: cogs.levels
2026-03-16 02:24:11 [INFO    ] bot: Loaded cog: cogs.moderation
2026-03-16 02:24:11 [INFO    ] bot: Loaded cog: cogs.xp
2026-03-16 02:24:12 [INFO    ] bot: Slash commands synced.
2026-03-16 02:24:12 [INFO    ] discord.gateway: Shard ID None has connected to Gateway (Session ID: 89154c7f09a8defad5c0a931128cd7a5).
2026-03-16 02:24:14 [INFO    ] bot: Logged in as Catalog#0564 (ID: 1482728261422157865)
2026-03-16 02:24:22 [INFO    ] httpx: HTTP Request: GET https://tadbbmsotttrpoyzwgrx.supabase.co/rest/v1/xp_profiles?select=%2A&guild_id=eq.1482705779697123378&user_id=eq.812169085772890152 "HTTP/2 404 Not Found"
2026-03-16 02:24:22 [ERROR   ] cogs.levels: Rank command failed: {'message': "Could not find the table 'public.xp_profiles' in the schema cache", 'code': 'PGRST205', 'hint': None, 'details': None}
2026-03-16 02:24:22 [INFO    ] httpx: HTTP Request: GET https://tadbbmsotttrpoyzwgrx.supabase.co/rest/v1/xp_settings?select=%2A&guild_id=eq.1482705779697123378 "HTTP/2 404 Not Found"
2026-03-16 02:24:22 [INFO    ] httpx: HTTP Request: GET https://tadbbmsotttrpoyzwgrx.supabase.co/rest/v1/xp_profiles?select=last_xp_at&guild_id=eq.1482705779697123378&user_id=eq.812169085772890152 "HTTP/2 404 Not Found"
2026-03-16 02:24:22 [INFO    ] httpx: HTTP Request: GET https://tadbbmsotttrpoyzwgrx.supabase.co/rest/v1/xp_profiles?select=%2A&guild_id=eq.1482705779697123378&user_id=eq.812169085772890152 "HTTP/2 404 Not Found"
2026-03-16 02:24:22 [ERROR   ] discord.client: Ignoring exception in on_message
Traceback (most recent call last):
  File "C:\Users\magdi\AppData\Local\Programs\Python\Python313\Lib\site-packages\discord\client.py", line 508, in _run_event
    await coro(*args, **kwargs)
  File "C:\Users\magdi\Documents\Coding projects\aitesting\catalog-bot\cogs\xp.py", line 310, in on_message
    await self._award_xp(message, message.author, amount, is_voice=False)
  File "C:\Users\magdi\Documents\Coding projects\aitesting\catalog-bot\cogs\xp.py", line 89, in _award_xp
    res = db.table("xp_profiles").select("*").eq("guild_id", guild_id).eq("user_id", user_id).execute()
  File "C:\Users\magdi\AppData\Local\Programs\Python\Python313\Lib\site-packages\postgrest\_sync\request_builder.py", line 53, in execute
    raise APIError(dict(json_obj))
postgrest.exceptions.APIError: {'message': "Could not find the table 'public.xp_profiles' in the schema cache", 'code': 'PGRST205', 'hint': None, 'details': None}
2026-03-16 02:25:20 [INFO    ] httpx: HTTP Request: GET https://tadbbmsotttrpoyzwgrx.supabase.co/rest/v1/xp_profiles?select=%2A&guild_id=eq.1482705779697123378&user_id=eq.812169085772890152 "HTTP/2 200 OK"
2026-03-16 02:25:20 [INFO    ] httpx: HTTP Request: GET https://tadbbmsotttrpoyzwgrx.supabase.co/rest/v1/xp_profiles?select=user_id&guild_id=eq.1482705779697123378&order=xp.desc "HTTP/2 200 OK"
2026-03-16 02:25:21 [INFO    ] httpx: HTTP Request: GET https://tadbbmsotttrpoyzwgrx.supabase.co/rest/v1/user_badges?select=badge_key&guild_id=eq.1482705779697123378&user_id=eq.812169085772890152 "HTTP/2 200 OK"
2026-03-16 02:25:21 [INFO    ] httpx: HTTP Request: GET https://tadbbmsotttrpoyzwgrx.supabase.co/rest/v1/rank_tiers?select=%2A&guild_id=eq.1482705779697123378&level_min=lte.0&level_max=gte.0 "HTTP/2 200 OK"
2026-03-16 02:25:21 [INFO    ] httpx: HTTP Request: GET https://tadbbmsotttrpoyzwgrx.supabase.co/rest/v1/xp_settings?select=%2A&guild_id=eq.1482705779697123378 "HTTP/2 200 OK"
2026-03-16 02:25:21 [INFO    ] httpx: HTTP Request: GET https://tadbbmsotttrpoyzwgrx.supabase.co/rest/v1/xp_profiles?select=last_xp_at&guild_id=eq.1482705779697123378&user_id=eq.812169085772890152 "HTTP/2 200 OK"
2026-03-16 02:25:21 [INFO    ] httpx: HTTP Request: GET https://tadbbmsotttrpoyzwgrx.supabase.co/rest/v1/xp_profiles?select=%2A&guild_id=eq.1482705779697123378&user_id=eq.812169085772890152 "HTTP/2 200 OK"
2026-03-16 02:25:21 [INFO    ] httpx: HTTP Request: POST https://tadbbmsotttrpoyzwgrx.supabase.co/rest/v1/xp_profiles "HTTP/2 201 Created"
2026-03-16 02:25:21 [INFO    ] httpx: HTTP Request: GET https://tadbbmsotttrpoyzwgrx.supabase.co/rest/v1/user_badges?select=badge_key&guild_id=eq.1482705779697123378&user_id=eq.812169085772890152 "HTTP/2 200 OK"
2026-03-16 02:25:28 [INFO    ] httpx: HTTP Request: GET https://tadbbmsotttrpoyzwgrx.supabase.co/rest/v1/xp_settings?select=%2A&guild_id=eq.1482705779697123378 "HTTP/2 200 OK"
2026-03-16 02:25:28 [INFO    ] httpx: HTTP Request: GET https://tadbbmsotttrpoyzwgrx.supabase.co/rest/v1/xp_profiles?select=last_xp_at&guild_id=eq.1482705779697123378&user_id=eq.812169085772890152 "HTTP/2 200 OK"
2026-03-16 02:25:30 [INFO    ] httpx: HTTP Request: GET https://tadbbmsotttrpoyzwgrx.supabase.co/rest/v1/xp_profiles?select=%2A&guild_id=eq.1482705779697123378&user_id=eq.812169085772890152 "HTTP/2 200 OK"
2026-03-16 02:25:30 [INFO    ] httpx: HTTP Request: GET https://tadbbmsotttrpoyzwgrx.supabase.co/rest/v1/xp_profiles?select=user_id&guild_id=eq.1482705779697123378&order=xp.desc "HTTP/2 200 OK"
2026-03-16 02:25:30 [INFO    ] httpx: HTTP Request: GET https://tadbbmsotttrpoyzwgrx.supabase.co/rest/v1/user_badges?select=badge_key&guild_id=eq.1482705779697123378&user_id=eq.812169085772890152 "HTTP/2 200 OK"
2026-03-16 02:25:30 [INFO    ] httpx: HTTP Request: GET https://tadbbmsotttrpoyzwgrx.supabase.co/rest/v1/rank_tiers?select=%2A&guild_id=eq.1482705779697123378&level_min=lte.0&level_max=gte.0 "HTTP/2 200 OK"
2026-03-16 02:25:30 [INFO    ] httpx: HTTP Request: GET https://tadbbmsotttrpoyzwgrx.supabase.co/rest/v1/xp_settings?select=%2A&guild_id=eq.1482705779697123378 "HTTP/2 200 OK"
2026-03-16 02:25:30 [INFO    ] httpx: HTTP Request: GET https://tadbbmsotttrpoyzwgrx.supabase.co/rest/v1/xp_profiles?select=last_xp_at&guild_id=eq.1482705779697123378&user_id=eq.812169085772890152 "HTTP/2 200 OK"
2026-03-16 02:26:30 [INFO    ] httpx: HTTP Request: GET https://tadbbmsotttrpoyzwgrx.supabase.co/rest/v1/xp_settings?select=%2A&guild_id=eq.1482705779697123378 "HTTP/2 200 OK"
2026-03-16 02:26:31 [INFO    ] httpx: HTTP Request: GET https://tadbbmsotttrpoyzwgrx.supabase.co/rest/v1/xp_profiles?select=last_xp_at&guild_id=eq.1482705779697123378&user_id=eq.812169085772890152 "HTTP/2 200 OK"
2026-03-16 02:26:31 [INFO    ] httpx: HTTP Request: GET https://tadbbmsotttrpoyzwgrx.supabase.co/rest/v1/xp_profiles?select=%2A&guild_id=eq.1482705779697123378&user_id=eq.812169085772890152 "HTTP/2 200 OK"
2026-03-16 02:26:31 [INFO    ] httpx: HTTP Request: PATCH https://tadbbmsotttrpoyzwgrx.supabase.co/rest/v1/xp_profiles?guild_id=eq.1482705779697123378&user_id=eq.812169085772890152 "HTTP/2 200 OK"
2026-03-16 02:26:31 [INFO    ] httpx: HTTP Request: GET https://tadbbmsotttrpoyzwgrx.supabase.co/rest/v1/user_badges?select=badge_key&guild_id=eq.1482705779697123378&user_id=eq.812169085772890152 "HTTP/2 200 OK"
2026-03-16 02:26:31 [INFO    ] httpx: HTTP Request: GET https://tadbbmsotttrpoyzwgrx.supabase.co/rest/v1/xp_settings?select=%2A&guild_id=eq.1482705779697123378 "HTTP/2 200 OK"
2026-03-16 02:26:31 [INFO    ] httpx: HTTP Request: GET https://tadbbmsotttrpoyzwgrx.supabase.co/rest/v1/xp_profiles?select=last_xp_at&guild_id=eq.1482705779697123378&user_id=eq.812169085772890152 "HTTP/2 200 OK"
2026-03-16 02:26:37 [INFO    ] httpx: HTTP Request: GET https://tadbbmsotttrpoyzwgrx.supabase.co/rest/v1/xp_profiles?select=%2A&guild_id=eq.1482705779697123378&user_id=eq.812169085772890152 "HTTP/2 200 OK"
2026-03-16 02:26:37 [INFO    ] httpx: HTTP Request: GET https://tadbbmsotttrpoyzwgrx.supabase.co/rest/v1/xp_profiles?select=user_id&guild_id=eq.1482705779697123378&order=xp.desc "HTTP/2 200 OK"
2026-03-16 02:26:37 [INFO    ] httpx: HTTP Request: GET https://tadbbmsotttrpoyzwgrx.supabase.co/rest/v1/user_badges?select=badge_key&guild_id=eq.1482705779697123378&user_id=eq.812169085772890152 "HTTP/2 200 OK"
2026-03-16 02:26:37 [INFO    ] httpx: HTTP Request: GET https://tadbbmsotttrpoyzwgrx.supabase.co/rest/v1/rank_tiers?select=%2A&guild_id=eq.1482705779697123378&level_min=lte.0&level_max=gte.0 "HTTP/2 200 OK"
2026-03-16 02:26:37 [INFO    ] httpx: HTTP Request: GET https://tadbbmsotttrpoyzwgrx.supabase.co/rest/v1/xp_settings?select=%2A&guild_id=eq.1482705779697123378 "HTTP/2 200 OK"
2026-03-16 02:26:37 [INFO    ] httpx: HTTP Request: GET https://tadbbmsotttrpoyzwgrx.supabase.co/rest/v1/xp_profiles?select=last_xp_at&guild_id=eq.1482705779697123378&user_id=eq.812169085772890152 "HTTP/2 200 OK"
2026-03-16 02:27:29 [WARNING ] discord.client: PyNaCl is not installed, voice will NOT be supported
2026-03-16 02:27:29 [WARNING ] discord.client: davey is not installed, voice will NOT be supported
2026-03-16 02:27:29 [INFO    ] discord.client: logging in using static token
2026-03-16 02:27:30 [INFO    ] db.client: Supabase client initialised.
2026-03-16 02:27:30 [INFO    ] bot: Loaded cog: cogs.general
2026-03-16 02:27:30 [INFO    ] bot: Loaded cog: cogs.levels
2026-03-16 02:27:30 [INFO    ] bot: Loaded cog: cogs.moderation
2026-03-16 02:27:30 [INFO    ] bot: Loaded cog: cogs.xp
2026-03-16 02:27:30 [INFO    ] bot: Slash commands synced.
2026-03-16 02:27:31 [INFO    ] discord.gateway: Shard ID None has connected to Gateway (Session ID: 5d0c3eb1c61448b3d42354dfa4ea8acd).
2026-03-16 02:27:33 [INFO    ] bot: Logged in as Catalog#0564 (ID: 1482728261422157865)
2026-03-16 02:27:35 [INFO    ] httpx: HTTP Request: GET https://tadbbmsotttrpoyzwgrx.supabase.co/rest/v1/xp_profiles?select=%2A&guild_id=eq.1482705779697123378&user_id=eq.812169085772890152 "HTTP/2 200 OK"
2026-03-16 02:27:35 [INFO    ] httpx: HTTP Request: GET https://tadbbmsotttrpoyzwgrx.supabase.co/rest/v1/xp_profiles?select=user_id&guild_id=eq.1482705779697123378&order=xp.desc "HTTP/2 200 OK"
2026-03-16 02:27:35 [INFO    ] httpx: HTTP Request: GET https://tadbbmsotttrpoyzwgrx.supabase.co/rest/v1/user_badges?select=badge_key&guild_id=eq.1482705779697123378&user_id=eq.812169085772890152 "HTTP/2 200 OK"
2026-03-16 02:27:35 [INFO    ] httpx: HTTP Request: GET https://tadbbmsotttrpoyzwgrx.supabase.co/rest/v1/rank_tiers?select=%2A&guild_id=eq.1482705779697123378&level_min=lte.0&level_max=gte.0 "HTTP/2 200 OK"
2026-03-16 02:27:35 [INFO    ] httpx: HTTP Request: GET https://tadbbmsotttrpoyzwgrx.supabase.co/rest/v1/xp_settings?select=%2A&guild_id=eq.1482705779697123378 "HTTP/2 200 OK"
2026-03-16 02:27:35 [INFO    ] httpx: HTTP Request: GET https://tadbbmsotttrpoyzwgrx.supabase.co/rest/v1/xp_profiles?select=last_xp_at&guild_id=eq.1482705779697123378&user_id=eq.812169085772890152 "HTTP/2 200 OK"
2026-03-16 02:27:35 [INFO    ] httpx: HTTP Request: GET https://tadbbmsotttrpoyzwgrx.supabase.co/rest/v1/xp_profiles?select=%2A&guild_id=eq.1482705779697123378&user_id=eq.812169085772890152 "HTTP/2 200 OK"
2026-03-16 02:27:36 [INFO    ] httpx: HTTP Request: PATCH https://tadbbmsotttrpoyzwgrx.supabase.co/rest/v1/xp_profiles?guild_id=eq.1482705779697123378&user_id=eq.812169085772890152 "HTTP/2 200 OK"
2026-03-16 02:27:36 [INFO    ] httpx: HTTP Request: GET https://tadbbmsotttrpoyzwgrx.supabase.co/rest/v1/user_badges?select=badge_key&guild_id=eq.1482705779697123378&user_id=eq.812169085772890152 "HTTP/2 200 OK"
2026-03-16 02:31:24 [INFO    ] httpx: HTTP Request: GET https://tadbbmsotttrpoyzwgrx.supabase.co/rest/v1/xp_settings?select=%2A&guild_id=eq.1482705779697123378 "HTTP/2 200 OK"
2026-03-16 02:31:24 [INFO    ] httpx: HTTP Request: GET https://tadbbmsotttrpoyzwgrx.supabase.co/rest/v1/xp_profiles?select=last_xp_at&guild_id=eq.1482705779697123378&user_id=eq.812169085772890152 "HTTP/2 200 OK"
2026-03-16 02:31:25 [INFO    ] httpx: HTTP Request: GET https://tadbbmsotttrpoyzwgrx.supabase.co/rest/v1/xp_profiles?select=%2A&guild_id=eq.1482705779697123378&user_id=eq.812169085772890152 "HTTP/2 200 OK"
2026-03-16 02:31:25 [INFO    ] httpx: HTTP Request: PATCH https://tadbbmsotttrpoyzwgrx.supabase.co/rest/v1/xp_profiles?guild_id=eq.1482705779697123378&user_id=eq.812169085772890152 "HTTP/2 200 OK"
2026-03-16 02:31:25 [INFO    ] httpx: HTTP Request: GET https://tadbbmsotttrpoyzwgrx.supabase.co/rest/v1/user_badges?select=badge_key&guild_id=eq.1482705779697123378&user_id=eq.812169085772890152 "HTTP/2 200 OK"
2026-03-16 02:31:28 [INFO    ] httpx: HTTP Request: GET https://tadbbmsotttrpoyzwgrx.supabase.co/rest/v1/xp_settings?select=%2A&guild_id=eq.1482705779697123378 "HTTP/2 200 OK"
2026-03-16 02:31:28 [INFO    ] httpx: HTTP Request: GET https://tadbbmsotttrpoyzwgrx.supabase.co/rest/v1/xp_profiles?select=last_xp_at&guild_id=eq.1482705779697123378&user_id=eq.812169085772890152 "HTTP/2 200 OK"
2026-03-16 02:31:47 [INFO    ] httpx: HTTP Request: GET https://tadbbmsotttrpoyzwgrx.supabase.co/rest/v1/xp_profiles?select=xp&guild_id=eq.1482705779697123378&user_id=eq.1473975741665251440 "HTTP/2 200 OK"
2026-03-16 02:31:47 [INFO    ] httpx: HTTP Request: POST https://tadbbmsotttrpoyzwgrx.supabase.co/rest/v1/xp_profiles "HTTP/2 201 Created"
2026-03-16 02:31:48 [INFO    ] httpx: HTTP Request: GET https://tadbbmsotttrpoyzwgrx.supabase.co/rest/v1/xp_settings?select=%2A&guild_id=eq.1482705779697123378 "HTTP/2 200 OK"
2026-03-16 02:31:48 [INFO    ] httpx: HTTP Request: GET https://tadbbmsotttrpoyzwgrx.supabase.co/rest/v1/xp_profiles?select=last_xp_at&guild_id=eq.1482705779697123378&user_id=eq.812169085772890152 "HTTP/2 200 OK"
2026-03-16 02:31:59 [INFO    ] httpx: HTTP Request: GET https://tadbbmsotttrpoyzwgrx.supabase.co/rest/v1/xp_profiles?select=%2A&guild_id=eq.1482705779697123378&user_id=eq.1473975741665251440 "HTTP/2 200 OK"
2026-03-16 02:31:59 [INFO    ] httpx: HTTP Request: GET https://tadbbmsotttrpoyzwgrx.supabase.co/rest/v1/xp_profiles?select=user_id&guild_id=eq.1482705779697123378&order=xp.desc "HTTP/2 200 OK"
2026-03-16 02:31:59 [INFO    ] httpx: HTTP Request: GET https://tadbbmsotttrpoyzwgrx.supabase.co/rest/v1/user_badges?select=badge_key&guild_id=eq.1482705779697123378&user_id=eq.1473975741665251440 "HTTP/2 200 OK"
2026-03-16 02:31:59 [INFO    ] httpx: HTTP Request: GET https://tadbbmsotttrpoyzwgrx.supabase.co/rest/v1/rank_tiers?select=%2A&guild_id=eq.1482705779697123378&level_min=lte.4&level_max=gte.4 "HTTP/2 200 OK"
2026-03-16 02:31:59 [INFO    ] httpx: HTTP Request: GET https://tadbbmsotttrpoyzwgrx.supabase.co/rest/v1/xp_settings?select=%2A&guild_id=eq.1482705779697123378 "HTTP/2 200 OK"
2026-03-16 02:31:59 [INFO    ] httpx: HTTP Request: GET https://tadbbmsotttrpoyzwgrx.supabase.co/rest/v1/xp_profiles?select=last_xp_at&guild_id=eq.1482705779697123378&user_id=eq.812169085772890152 "HTTP/2 200 OK"
2026-03-16 02:32:25 [INFO    ] httpx: HTTP Request: GET https://tadbbmsotttrpoyzwgrx.supabase.co/rest/v1/xp_settings?select=%2A&guild_id=eq.1482705779697123378 "HTTP/2 200 OK"
2026-03-16 02:32:25 [INFO    ] httpx: HTTP Request: GET https://tadbbmsotttrpoyzwgrx.supabase.co/rest/v1/xp_profiles?select=last_xp_at&guild_id=eq.1482705779697123378&user_id=eq.1473975741665251440 "HTTP/2 200 OK"
2026-03-16 02:32:25 [INFO    ] httpx: HTTP Request: GET https://tadbbmsotttrpoyzwgrx.supabase.co/rest/v1/xp_profiles?select=%2A&guild_id=eq.1482705779697123378&user_id=eq.1473975741665251440 "HTTP/2 200 OK"
2026-03-16 02:32:25 [INFO    ] httpx: HTTP Request: PATCH https://tadbbmsotttrpoyzwgrx.supabase.co/rest/v1/xp_profiles?guild_id=eq.1482705779697123378&user_id=eq.1473975741665251440 "HTTP/2 200 OK"
2026-03-16 02:32:25 [INFO    ] httpx: HTTP Request: GET https://tadbbmsotttrpoyzwgrx.supabase.co/rest/v1/user_badges?select=badge_key&guild_id=eq.1482705779697123378&user_id=eq.1473975741665251440 "HTTP/2 200 OK"
2026-03-16 02:32:51 [INFO    ] httpx: HTTP Request: GET https://tadbbmsotttrpoyzwgrx.supabase.co/rest/v1/xp_profiles?select=%2A&guild_id=eq.1482705779697123378&user_id=eq.1473975741665251440 "HTTP/2 200 OK"
2026-03-16 02:32:51 [INFO    ] httpx: HTTP Request: GET https://tadbbmsotttrpoyzwgrx.supabase.co/rest/v1/xp_profiles?select=user_id&guild_id=eq.1482705779697123378&order=xp.desc "HTTP/2 200 OK"
2026-03-16 02:32:51 [INFO    ] httpx: HTTP Request: GET https://tadbbmsotttrpoyzwgrx.supabase.co/rest/v1/user_badges?select=badge_key&guild_id=eq.1482705779697123378&user_id=eq.1473975741665251440 "HTTP/2 200 OK"
2026-03-16 02:32:51 [INFO    ] httpx: HTTP Request: GET https://tadbbmsotttrpoyzwgrx.supabase.co/rest/v1/rank_tiers?select=%2A&guild_id=eq.1482705779697123378&level_min=lte.4&level_max=gte.4 "HTTP/2 200 OK"
2026-03-16 02:32:51 [INFO    ] httpx: HTTP Request: GET https://tadbbmsotttrpoyzwgrx.supabase.co/rest/v1/xp_settings?select=%2A&guild_id=eq.1482705779697123378 "HTTP/2 200 OK"
2026-03-16 02:32:51 [INFO    ] httpx: HTTP Request: GET https://tadbbmsotttrpoyzwgrx.supabase.co/rest/v1/xp_profiles?select=last_xp_at&guild_id=eq.1482705779697123378&user_id=eq.812169085772890152 "HTTP/2 200 OK"
2026-03-16 02:32:52 [INFO    ] httpx: HTTP Request: GET https://tadbbmsotttrpoyzwgrx.supabase.co/rest/v1/xp_profiles?select=%2A&guild_id=eq.1482705779697123378&user_id=eq.812169085772890152 "HTTP/2 200 OK"
2026-03-16 02:32:52 [INFO    ] httpx: HTTP Request: PATCH https://tadbbmsotttrpoyzwgrx.supabase.co/rest/v1/xp_profiles?guild_id=eq.1482705779697123378&user_id=eq.812169085772890152 "HTTP/2 200 OK"
2026-03-16 02:32:52 [INFO    ] httpx: HTTP Request: GET https://tadbbmsotttrpoyzwgrx.supabase.co/rest/v1/user_badges?select=badge_key&guild_id=eq.1482705779697123378&user_id=eq.812169085772890152 "HTTP/2 200 OK"
2026-03-16 02:35:23 [WARNING ] discord.client: PyNaCl is not installed, voice will NOT be supported
2026-03-16 02:35:23 [WARNING ] discord.client: davey is not installed, voice will NOT be supported
2026-03-16 02:35:23 [INFO    ] discord.client: logging in using static token
2026-03-16 02:35:24 [INFO    ] db.client: Supabase client initialised.
2026-03-16 02:35:24 [INFO    ] bot: Loaded cog: cogs.general
2026-03-16 02:35:24 [INFO    ] bot: Loaded cog: cogs.levels
2026-03-16 02:35:24 [INFO    ] bot: Loaded cog: cogs.moderation
2026-03-16 02:35:24 [INFO    ] bot: Loaded cog: cogs.xp
2026-03-16 02:35:24 [INFO    ] bot: Slash commands synced.
2026-03-16 02:35:25 [INFO    ] discord.gateway: Shard ID None has connected to Gateway (Session ID: 8c8dff18aed290a5373d18013bbbba0b).
2026-03-16 02:35:27 [INFO    ] bot: Logged in as Catalog#0564 (ID: 1482728261422157865)
2026-03-16 02:35:41 [INFO    ] httpx: HTTP Request: GET https://tadbbmsotttrpoyzwgrx.supabase.co/rest/v1/xp_profiles?select=%2A&guild_id=eq.1482705779697123378&user_id=eq.1473975741665251440 "HTTP/2 200 OK"
2026-03-16 02:35:41 [INFO    ] httpx: HTTP Request: GET https://tadbbmsotttrpoyzwgrx.supabase.co/rest/v1/xp_profiles?select=user_id&guild_id=eq.1482705779697123378&order=xp.desc "HTTP/2 200 OK"
2026-03-16 02:35:41 [INFO    ] httpx: HTTP Request: GET https://tadbbmsotttrpoyzwgrx.supabase.co/rest/v1/user_badges?select=badge_key&guild_id=eq.1482705779697123378&user_id=eq.1473975741665251440 "HTTP/2 200 OK"
2026-03-16 02:35:41 [INFO    ] httpx: HTTP Request: GET https://tadbbmsotttrpoyzwgrx.supabase.co/rest/v1/rank_tiers?select=%2A&guild_id=eq.1482705779697123378&level_min=lte.4&level_max=gte.4 "HTTP/2 200 OK"
2026-03-16 02:35:41 [INFO    ] httpx: HTTP Request: GET https://tadbbmsotttrpoyzwgrx.supabase.co/rest/v1/xp_settings?select=%2A&guild_id=eq.1482705779697123378 "HTTP/2 200 OK"
2026-03-16 02:35:41 [INFO    ] httpx: HTTP Request: GET https://tadbbmsotttrpoyzwgrx.supabase.co/rest/v1/xp_profiles?select=last_xp_at&guild_id=eq.1482705779697123378&user_id=eq.812169085772890152 "HTTP/2 200 OK"
2026-03-16 02:35:41 [INFO    ] httpx: HTTP Request: GET https://tadbbmsotttrpoyzwgrx.supabase.co/rest/v1/xp_profiles?select=%2A&guild_id=eq.1482705779697123378&user_id=eq.812169085772890152 "HTTP/2 200 OK"
2026-03-16 02:35:42 [INFO    ] httpx: HTTP Request: PATCH https://tadbbmsotttrpoyzwgrx.supabase.co/rest/v1/xp_profiles?guild_id=eq.1482705779697123378&user_id=eq.812169085772890152 "HTTP/2 200 OK"
2026-03-16 02:35:42 [INFO    ] httpx: HTTP Request: GET https://tadbbmsotttrpoyzwgrx.supabase.co/rest/v1/rank_tiers?select=%2A&guild_id=eq.1482705779697123378&level_min=lte.1&level_max=gte.1 "HTTP/2 200 OK"
2026-03-16 02:35:42 [INFO    ] httpx: HTTP Request: GET https://tadbbmsotttrpoyzwgrx.supabase.co/rest/v1/rank_tiers?select=%2A&guild_id=eq.1482705779697123378&level_min=lte.0&level_max=gte.0 "HTTP/2 200 OK"
2026-03-16 02:35:42 [INFO    ] httpx: HTTP Request: GET https://tadbbmsotttrpoyzwgrx.supabase.co/rest/v1/xp_settings?select=%2A&guild_id=eq.1482705779697123378 "HTTP/2 200 OK"
2026-03-16 02:35:43 [INFO    ] httpx: HTTP Request: GET https://tadbbmsotttrpoyzwgrx.supabase.co/rest/v1/user_badges?select=badge_key&guild_id=eq.1482705779697123378&user_id=eq.812169085772890152 "HTTP/2 200 OK"
2026-03-16 02:35:53 [INFO    ] httpx: HTTP Request: GET https://tadbbmsotttrpoyzwgrx.supabase.co/rest/v1/xp_profiles?select=%2A&guild_id=eq.1482705779697123378&user_id=eq.812169085772890152 "HTTP/2 200 OK"
2026-03-16 02:35:53 [INFO    ] httpx: HTTP Request: GET https://tadbbmsotttrpoyzwgrx.supabase.co/rest/v1/xp_profiles?select=user_id&guild_id=eq.1482705779697123378&order=xp.desc "HTTP/2 200 OK"
2026-03-16 02:35:53 [INFO    ] httpx: HTTP Request: GET https://tadbbmsotttrpoyzwgrx.supabase.co/rest/v1/user_badges?select=badge_key&guild_id=eq.1482705779697123378&user_id=eq.812169085772890152 "HTTP/2 200 OK"
2026-03-16 02:35:54 [INFO    ] httpx: HTTP Request: GET https://tadbbmsotttrpoyzwgrx.supabase.co/rest/v1/rank_tiers?select=%2A&guild_id=eq.1482705779697123378&level_min=lte.1&level_max=gte.1 "HTTP/2 200 OK"
2026-03-16 02:35:54 [INFO    ] httpx: HTTP Request: GET https://tadbbmsotttrpoyzwgrx.supabase.co/rest/v1/xp_settings?select=%2A&guild_id=eq.1482705779697123378 "HTTP/2 200 OK"
2026-03-16 02:35:54 [INFO    ] httpx: HTTP Request: GET https://tadbbmsotttrpoyzwgrx.supabase.co/rest/v1/xp_profiles?select=last_xp_at&guild_id=eq.1482705779697123378&user_id=eq.812169085772890152 "HTTP/2 200 OK"
2026-03-16 02:41:03 [WARNING ] discord.client: PyNaCl is not installed, voice will NOT be supported
2026-03-16 02:41:03 [WARNING ] discord.client: davey is not installed, voice will NOT be supported
2026-03-16 02:41:03 [INFO    ] discord.client: logging in using static token
2026-03-16 02:41:04 [INFO    ] db.client: Supabase client initialised.
2026-03-16 02:41:04 [INFO    ] bot: Loaded cog: cogs.general
2026-03-16 02:41:04 [INFO    ] bot: Loaded cog: cogs.levels
2026-03-16 02:41:04 [INFO    ] bot: Loaded cog: cogs.moderation
2026-03-16 02:41:04 [INFO    ] bot: Loaded cog: cogs.xp
2026-03-16 02:41:04 [INFO    ] bot: Slash commands synced.
2026-03-16 02:41:05 [INFO    ] discord.gateway: Shard ID None has connected to Gateway (Session ID: 10f964bf359dafed7bfb14d5ceee1980).
2026-03-16 02:41:07 [INFO    ] bot: Logged in as Catalog#0564 (ID: 1482728261422157865)
2026-03-16 02:41:07 [INFO    ] httpx: HTTP Request: GET https://tadbbmsotttrpoyzwgrx.supabase.co/rest/v1/rank_tiers?select=level_min&guild_id=eq.1482705779697123378&limit=1 "HTTP/2 200 OK"
2026-03-16 02:41:33 [INFO    ] httpx: HTTP Request: GET https://tadbbmsotttrpoyzwgrx.supabase.co/rest/v1/xp_profiles?select=%2A&guild_id=eq.1482705779697123378&user_id=eq.1473975741665251440 "HTTP/2 200 OK"
2026-03-16 02:41:33 [INFO    ] httpx: HTTP Request: GET https://tadbbmsotttrpoyzwgrx.supabase.co/rest/v1/xp_profiles?select=user_id&guild_id=eq.1482705779697123378&order=xp.desc "HTTP/2 200 OK"
2026-03-16 02:41:33 [INFO    ] httpx: HTTP Request: GET https://tadbbmsotttrpoyzwgrx.supabase.co/rest/v1/user_badges?select=badge_key&guild_id=eq.1482705779697123378&user_id=eq.1473975741665251440 "HTTP/2 200 OK"
2026-03-16 02:41:33 [INFO    ] httpx: HTTP Request: GET https://tadbbmsotttrpoyzwgrx.supabase.co/rest/v1/rank_tiers?select=%2A&guild_id=eq.1482705779697123378&level_min=lte.4&level_max=gte.4 "HTTP/2 200 OK"
2026-03-16 02:41:34 [INFO    ] httpx: HTTP Request: GET https://tadbbmsotttrpoyzwgrx.supabase.co/rest/v1/xp_settings?select=%2A&guild_id=eq.1482705779697123378 "HTTP/2 200 OK"
2026-03-16 02:41:34 [INFO    ] httpx: HTTP Request: GET https://tadbbmsotttrpoyzwgrx.supabase.co/rest/v1/xp_profiles?select=last_xp_at&guild_id=eq.1482705779697123378&user_id=eq.812169085772890152 "HTTP/2 200 OK"
2026-03-16 02:41:34 [INFO    ] httpx: HTTP Request: GET https://tadbbmsotttrpoyzwgrx.supabase.co/rest/v1/xp_profiles?select=%2A&guild_id=eq.1482705779697123378&user_id=eq.812169085772890152 "HTTP/2 200 OK"
2026-03-16 02:41:34 [INFO    ] httpx: HTTP Request: PATCH https://tadbbmsotttrpoyzwgrx.supabase.co/rest/v1/xp_profiles?guild_id=eq.1482705779697123378&user_id=eq.812169085772890152 "HTTP/2 200 OK"
2026-03-16 02:41:34 [INFO    ] httpx: HTTP Request: GET https://tadbbmsotttrpoyzwgrx.supabase.co/rest/v1/user_badges?select=badge_key&guild_id=eq.1482705779697123378&user_id=eq.812169085772890152 "HTTP/2 200 OK"
2026-03-16 02:52:24 [INFO    ] discord.gateway: Shard ID None has successfully RESUMED session 10f964bf359dafed7bfb14d5ceee1980.
2026-03-16 02:57:35 [INFO    ] httpx: HTTP Request: GET https://tadbbmsotttrpoyzwgrx.supabase.co/rest/v1/xp_settings?select=%2A&guild_id=eq.1482705779697123378 "HTTP/2 200 OK"
2026-03-16 02:57:35 [INFO    ] httpx: HTTP Request: GET https://tadbbmsotttrpoyzwgrx.supabase.co/rest/v1/xp_profiles?select=last_xp_at&guild_id=eq.1482705779697123378&user_id=eq.812169085772890152 "HTTP/2 200 OK"
2026-03-16 02:57:35 [INFO    ] httpx: HTTP Request: GET https://tadbbmsotttrpoyzwgrx.supabase.co/rest/v1/xp_profiles?select=%2A&guild_id=eq.1482705779697123378&user_id=eq.812169085772890152 "HTTP/2 200 OK"
2026-03-16 02:57:35 [INFO    ] httpx: HTTP Request: PATCH https://tadbbmsotttrpoyzwgrx.supabase.co/rest/v1/xp_profiles?guild_id=eq.1482705779697123378&user_id=eq.812169085772890152 "HTTP/2 200 OK"
2026-03-16 02:57:36 [INFO    ] httpx: HTTP Request: GET https://tadbbmsotttrpoyzwgrx.supabase.co/rest/v1/user_badges?select=badge_key&guild_id=eq.1482705779697123378&user_id=eq.812169085772890152 "HTTP/2 200 OK"
2026-03-16 02:57:46 [INFO    ] httpx: HTTP Request: GET https://tadbbmsotttrpoyzwgrx.supabase.co/rest/v1/xp_settings?select=%2A&guild_id=eq.1482705779697123378 "HTTP/2 200 OK"
2026-03-16 02:57:46 [INFO    ] httpx: HTTP Request: GET https://tadbbmsotttrpoyzwgrx.supabase.co/rest/v1/xp_profiles?select=last_xp_at&guild_id=eq.1482705779697123378&user_id=eq.812169085772890152 "HTTP/2 200 OK"
2026-03-16 02:57:53 [INFO    ] httpx: HTTP Request: GET https://tadbbmsotttrpoyzwgrx.supabase.co/rest/v1/xp_settings?select=%2A&guild_id=eq.1482705779697123378 "HTTP/2 200 OK"
2026-03-16 02:57:53 [INFO    ] httpx: HTTP Request: GET https://tadbbmsotttrpoyzwgrx.supabase.co/rest/v1/xp_profiles?select=last_xp_at&guild_id=eq.1482705779697123378&user_id=eq.812169085772890152 "HTTP/2 200 OK"
2026-03-16 03:19:16 [WARNING ] discord.client: PyNaCl is not installed, voice will NOT be supported
2026-03-16 03:19:16 [WARNING ] discord.client: davey is not installed, voice will NOT be supported
2026-03-16 03:19:16 [INFO    ] discord.client: logging in using static token
2026-03-16 03:19:17 [INFO    ] db.client: Supabase client initialised.
2026-03-16 03:19:17 [INFO    ] bot: Loaded cog: cogs.general
2026-03-16 03:19:17 [INFO    ] bot: Loaded cog: cogs.levels
2026-03-16 03:19:17 [INFO    ] bot: Loaded cog: cogs.moderation
2026-03-16 03:19:17 [INFO    ] bot: Loaded cog: cogs.xp
2026-03-16 03:19:18 [INFO    ] bot: Slash commands synced.
2026-03-16 03:19:18 [INFO    ] discord.gateway: Shard ID None has connected to Gateway (Session ID: d064d3f5e8e95ce3db5f1284af2ea223).
2026-03-16 03:19:20 [INFO    ] bot: Logged in as Catalog#0564 (ID: 1482728261422157865)
2026-03-16 03:19:21 [INFO    ] httpx: HTTP Request: GET https://tadbbmsotttrpoyzwgrx.supabase.co/rest/v1/rank_tiers?select=level_min&guild_id=eq.1482705779697123378&limit=1 "HTTP/2 200 OK"
2026-03-16 03:19:25 [INFO    ] httpx: HTTP Request: GET https://tadbbmsotttrpoyzwgrx.supabase.co/rest/v1/xp_settings?select=%2A&guild_id=eq.1482705779697123378 "HTTP/2 200 OK"
2026-03-16 03:19:25 [INFO    ] httpx: HTTP Request: GET https://tadbbmsotttrpoyzwgrx.supabase.co/rest/v1/xp_profiles?select=last_xp_at&guild_id=eq.1482705779697123378&user_id=eq.812169085772890152 "HTTP/2 200 OK"
2026-03-16 03:19:25 [INFO    ] httpx: HTTP Request: GET https://tadbbmsotttrpoyzwgrx.supabase.co/rest/v1/xp_profiles?select=%2A&guild_id=eq.1482705779697123378&user_id=eq.812169085772890152 "HTTP/2 200 OK"
2026-03-16 03:19:26 [INFO    ] httpx: HTTP Request: PATCH https://tadbbmsotttrpoyzwgrx.supabase.co/rest/v1/xp_profiles?guild_id=eq.1482705779697123378&user_id=eq.812169085772890152 "HTTP/2 200 OK"
2026-03-16 03:19:26 [INFO    ] httpx: HTTP Request: GET https://tadbbmsotttrpoyzwgrx.supabase.co/rest/v1/user_badges?select=badge_key&guild_id=eq.1482705779697123378&user_id=eq.812169085772890152 "HTTP/2 200 OK"
2026-03-16 03:19:26 [INFO    ] httpx: HTTP Request: GET https://tadbbmsotttrpoyzwgrx.supabase.co/rest/v1/badge_roles?select=%2A&guild_id=eq.1482705779697123378 "HTTP/2 200 OK"
2026-03-16 03:19:26 [INFO    ] httpx: HTTP Request: POST https://tadbbmsotttrpoyzwgrx.supabase.co/rest/v1/user_badges "HTTP/2 201 Created"
2026-03-16 03:19:43 [INFO    ] httpx: HTTP Request: GET https://tadbbmsotttrpoyzwgrx.supabase.co/rest/v1/xp_settings?select=%2A&guild_id=eq.1482705779697123378 "HTTP/2 200 OK"
2026-03-16 03:19:43 [INFO    ] httpx: HTTP Request: GET https://tadbbmsotttrpoyzwgrx.supabase.co/rest/v1/xp_profiles?select=last_xp_at&guild_id=eq.1482705779697123378&user_id=eq.812169085772890152 "HTTP/2 200 OK"
2026-03-16 03:19:45 [INFO    ] httpx: HTTP Request: GET https://tadbbmsotttrpoyzwgrx.supabase.co/rest/v1/xp_settings?select=%2A&guild_id=eq.1482705779697123378 "HTTP/2 200 OK"
2026-03-16 03:19:46 [INFO    ] httpx: HTTP Request: GET https://tadbbmsotttrpoyzwgrx.supabase.co/rest/v1/xp_profiles?select=last_xp_at&guild_id=eq.1482705779697123378&user_id=eq.812169085772890152 "HTTP/2 200 OK"
2026-03-16 03:20:48 [WARNING ] discord.client: PyNaCl is not installed, voice will NOT be supported
2026-03-16 03:20:48 [WARNING ] discord.client: davey is not installed, voice will NOT be supported
2026-03-16 03:20:48 [INFO    ] discord.client: logging in using static token
2026-03-16 03:20:49 [INFO    ] db.client: Supabase client initialised.
2026-03-16 03:20:49 [INFO    ] bot: Loaded cog: cogs.general
2026-03-16 03:20:49 [INFO    ] bot: Loaded cog: cogs.levels
2026-03-16 03:20:49 [INFO    ] bot: Loaded cog: cogs.moderation
2026-03-16 03:20:49 [INFO    ] bot: Loaded cog: cogs.xp
2026-03-16 03:20:50 [INFO    ] bot: Slash commands synced.
2026-03-16 03:20:50 [INFO    ] discord.gateway: Shard ID None has connected to Gateway (Session ID: 15cbda79f5911f98f628cd8be8f09ebf).
2026-03-16 03:20:52 [INFO    ] bot: Logged in as Catalog#0564 (ID: 1482728261422157865)
2026-03-16 03:20:53 [INFO    ] httpx: HTTP Request: GET https://tadbbmsotttrpoyzwgrx.supabase.co/rest/v1/rank_tiers?select=level_min&guild_id=eq.1482705779697123378&limit=1 "HTTP/2 200 OK"
2026-03-16 03:23:15 [WARNING ] discord.client: PyNaCl is not installed, voice will NOT be supported
2026-03-16 03:23:15 [WARNING ] discord.client: davey is not installed, voice will NOT be supported
2026-03-16 03:23:15 [INFO    ] discord.client: logging in using static token
2026-03-16 03:23:17 [INFO    ] db.client: Supabase client initialised.
2026-03-16 03:23:17 [INFO    ] bot: Loaded cog: cogs.general
2026-03-16 03:23:17 [INFO    ] bot: Loaded cog: cogs.levels
2026-03-16 03:23:17 [INFO    ] bot: Loaded cog: cogs.moderation
2026-03-16 03:23:17 [INFO    ] bot: Loaded cog: cogs.xp
2026-03-16 03:23:17 [INFO    ] bot: Slash commands synced.
2026-03-16 03:23:18 [INFO    ] discord.gateway: Shard ID None has connected to Gateway (Session ID: 894703878a41802748230b85debc1d99).
2026-03-16 03:23:20 [INFO    ] bot: Logged in as Catalog#0564 (ID: 1482728261422157865)
2026-03-16 03:23:21 [INFO    ] httpx: HTTP Request: GET https://tadbbmsotttrpoyzwgrx.supabase.co/rest/v1/rank_tiers?select=level_min&guild_id=eq.1482705779697123378&limit=1 "HTTP/2 200 OK"
2026-03-16 03:45:02 [INFO    ] httpx: HTTP Request: GET https://tadbbmsotttrpoyzwgrx.supabase.co/rest/v1/xp_settings?select=%2A&guild_id=eq.1482705779697123378 "HTTP/2 200 OK"
2026-03-16 03:45:02 [INFO    ] httpx: HTTP Request: GET https://tadbbmsotttrpoyzwgrx.supabase.co/rest/v1/xp_profiles?select=last_xp_at&guild_id=eq.1482705779697123378&user_id=eq.812169085772890152 "HTTP/2 200 OK"
2026-03-16 03:45:02 [INFO    ] httpx: HTTP Request: GET https://tadbbmsotttrpoyzwgrx.supabase.co/rest/v1/xp_profiles?select=%2A&guild_id=eq.1482705779697123378&user_id=eq.812169085772890152 "HTTP/2 200 OK"
2026-03-16 03:45:02 [INFO    ] httpx: HTTP Request: PATCH https://tadbbmsotttrpoyzwgrx.supabase.co/rest/v1/xp_profiles?guild_id=eq.1482705779697123378&user_id=eq.812169085772890152 "HTTP/2 200 OK"
2026-03-16 03:45:03 [INFO    ] httpx: HTTP Request: GET https://tadbbmsotttrpoyzwgrx.supabase.co/rest/v1/user_badges?select=badge_key&guild_id=eq.1482705779697123378&user_id=eq.812169085772890152 "HTTP/2 200 OK"
2026-03-16 03:45:26 [INFO    ] httpx: HTTP Request: GET https://tadbbmsotttrpoyzwgrx.supabase.co/rest/v1/xp_settings?select=%2A&guild_id=eq.1482705779697123378 "HTTP/2 200 OK"
2026-03-16 03:45:26 [INFO    ] httpx: HTTP Request: GET https://tadbbmsotttrpoyzwgrx.supabase.co/rest/v1/xp_profiles?select=last_xp_at&guild_id=eq.1482705779697123378&user_id=eq.812169085772890152 "HTTP/2 200 OK"
2026-03-16 03:59:32 [INFO    ] httpx: HTTP Request: GET https://tadbbmsotttrpoyzwgrx.supabase.co/rest/v1/xp_profiles?select=xp&guild_id=eq.1482705779697123378&user_id=eq.1473975741665251440 "HTTP/2 200 OK"
2026-03-16 03:59:33 [INFO    ] httpx: HTTP Request: PATCH https://tadbbmsotttrpoyzwgrx.supabase.co/rest/v1/xp_profiles?guild_id=eq.1482705779697123378&user_id=eq.1473975741665251440 "HTTP/2 200 OK"
2026-03-16 03:59:33 [INFO    ] httpx: HTTP Request: GET https://tadbbmsotttrpoyzwgrx.supabase.co/rest/v1/rank_tiers?select=%2A&guild_id=eq.1482705779697123378&level_min=lte.0&level_max=gte.0 "HTTP/2 200 OK"
2026-03-16 03:59:33 [INFO    ] httpx: HTTP Request: GET https://tadbbmsotttrpoyzwgrx.supabase.co/rest/v1/rank_tiers?select=%2A&guild_id=eq.1482705779697123378&level_min=lte.3&level_max=gte.3 "HTTP/2 200 OK"
2026-03-16 03:59:33 [INFO    ] httpx: HTTP Request: GET https://tadbbmsotttrpoyzwgrx.supabase.co/rest/v1/xp_settings?select=%2A&guild_id=eq.1482705779697123378 "HTTP/2 200 OK"
2026-03-16 03:59:33 [INFO    ] httpx: HTTP Request: GET https://tadbbmsotttrpoyzwgrx.supabase.co/rest/v1/xp_settings?select=%2A&guild_id=eq.1482705779697123378 "HTTP/2 200 OK"
2026-03-16 03:59:33 [INFO    ] httpx: HTTP Request: GET https://tadbbmsotttrpoyzwgrx.supabase.co/rest/v1/xp_profiles?select=last_xp_at&guild_id=eq.1482705779697123378&user_id=eq.812169085772890152 "HTTP/2 200 OK"
2026-03-16 03:59:33 [INFO    ] httpx: HTTP Request: GET https://tadbbmsotttrpoyzwgrx.supabase.co/rest/v1/xp_profiles?select=%2A&guild_id=eq.1482705779697123378&user_id=eq.812169085772890152 "HTTP/2 200 OK"
2026-03-16 03:59:33 [INFO    ] httpx: HTTP Request: PATCH https://tadbbmsotttrpoyzwgrx.supabase.co/rest/v1/xp_profiles?guild_id=eq.1482705779697123378&user_id=eq.812169085772890152 "HTTP/2 200 OK"
2026-03-16 03:59:34 [INFO    ] httpx: HTTP Request: GET https://tadbbmsotttrpoyzwgrx.supabase.co/rest/v1/user_badges?select=badge_key&guild_id=eq.1482705779697123378&user_id=eq.812169085772890152 "HTTP/2 200 OK"
2026-03-16 03:59:34 [INFO    ] httpx: HTTP Request: GET https://tadbbmsotttrpoyzwgrx.supabase.co/rest/v1/xp_profiles?select=%2A&guild_id=eq.1482705779697123378&user_id=eq.1473975741665251440 "HTTP/2 200 OK"
2026-03-16 03:59:34 [INFO    ] httpx: HTTP Request: GET https://tadbbmsotttrpoyzwgrx.supabase.co/rest/v1/user_badges?select=badge_key&guild_id=eq.1482705779697123378&user_id=eq.1473975741665251440 "HTTP/2 200 OK"
2026-03-16 03:59:34 [INFO    ] httpx: HTTP Request: GET https://tadbbmsotttrpoyzwgrx.supabase.co/rest/v1/badge_roles?select=%2A&guild_id=eq.1482705779697123378 "HTTP/2 200 OK"
2026-03-16 03:59:35 [INFO    ] httpx: HTTP Request: POST https://tadbbmsotttrpoyzwgrx.supabase.co/rest/v1/user_badges "HTTP/2 201 Created"
2026-03-16 03:59:45 [INFO    ] httpx: HTTP Request: GET https://tadbbmsotttrpoyzwgrx.supabase.co/rest/v1/xp_profiles?select=%2A&guild_id=eq.1482705779697123378&user_id=eq.1473975741665251440 "HTTP/2 200 OK"
2026-03-16 03:59:45 [INFO    ] httpx: HTTP Request: GET https://tadbbmsotttrpoyzwgrx.supabase.co/rest/v1/xp_profiles?select=user_id&guild_id=eq.1482705779697123378&order=xp.desc "HTTP/2 200 OK"
2026-03-16 03:59:45 [INFO    ] httpx: HTTP Request: GET https://tadbbmsotttrpoyzwgrx.supabase.co/rest/v1/user_badges?select=badge_key&guild_id=eq.1482705779697123378&user_id=eq.1473975741665251440 "HTTP/2 200 OK"
2026-03-16 03:59:45 [INFO    ] httpx: HTTP Request: GET https://tadbbmsotttrpoyzwgrx.supabase.co/rest/v1/rank_tiers?select=%2A&guild_id=eq.1482705779697123378&level_min=lte.0&level_max=gte.0 "HTTP/2 200 OK"
2026-03-16 03:59:45 [INFO    ] httpx: HTTP Request: GET https://tadbbmsotttrpoyzwgrx.supabase.co/rest/v1/xp_settings?select=%2A&guild_id=eq.1482705779697123378 "HTTP/2 200 OK"
2026-03-16 03:59:45 [INFO    ] httpx: HTTP Request: GET https://tadbbmsotttrpoyzwgrx.supabase.co/rest/v1/xp_profiles?select=last_xp_at&guild_id=eq.1482705779697123378&user_id=eq.812169085772890152 "HTTP/2 200 OK"
2026-03-16 03:59:55 [INFO    ] httpx: HTTP Request: GET https://tadbbmsotttrpoyzwgrx.supabase.co/rest/v1/xp_settings?select=%2A&guild_id=eq.1482705779697123378 "HTTP/2 200 OK"
2026-03-16 03:59:55 [INFO    ] httpx: HTTP Request: GET https://tadbbmsotttrpoyzwgrx.supabase.co/rest/v1/xp_profiles?select=last_xp_at&guild_id=eq.1482705779697123378&user_id=eq.812169085772890152 "HTTP/2 200 OK"
2026-03-16 04:00:05 [INFO    ] httpx: HTTP Request: GET https://tadbbmsotttrpoyzwgrx.supabase.co/rest/v1/xp_settings?select=%2A&guild_id=eq.1482705779697123378 "HTTP/2 200 OK"
2026-03-16 04:00:05 [INFO    ] httpx: HTTP Request: GET https://tadbbmsotttrpoyzwgrx.supabase.co/rest/v1/xp_profiles?select=last_xp_at&guild_id=eq.1482705779697123378&user_id=eq.812169085772890152 "HTTP/2 200 OK"
2026-03-16 04:00:23 [INFO    ] httpx: HTTP Request: GET https://tadbbmsotttrpoyzwgrx.supabase.co/rest/v1/xp_profiles?select=xp&guild_id=eq.1482705779697123378&user_id=eq.1473975741665251440 "HTTP/2 200 OK"
2026-03-16 04:00:23 [INFO    ] httpx: HTTP Request: PATCH https://tadbbmsotttrpoyzwgrx.supabase.co/rest/v1/xp_profiles?guild_id=eq.1482705779697123378&user_id=eq.1473975741665251440 "HTTP/2 200 OK"
2026-03-16 04:00:23 [INFO    ] httpx: HTTP Request: GET https://tadbbmsotttrpoyzwgrx.supabase.co/rest/v1/rank_tiers?select=%2A&guild_id=eq.1482705779697123378&level_min=lte.1&level_max=gte.1 "HTTP/2 200 OK"
2026-03-16 04:00:23 [INFO    ] httpx: HTTP Request: GET https://tadbbmsotttrpoyzwgrx.supabase.co/rest/v1/xp_settings?select=%2A&guild_id=eq.1482705779697123378 "HTTP/2 200 OK"
2026-03-16 04:00:23 [INFO    ] httpx: HTTP Request: GET https://tadbbmsotttrpoyzwgrx.supabase.co/rest/v1/xp_settings?select=%2A&guild_id=eq.1482705779697123378 "HTTP/2 200 OK"
2026-03-16 04:00:23 [INFO    ] httpx: HTTP Request: GET https://tadbbmsotttrpoyzwgrx.supabase.co/rest/v1/xp_profiles?select=last_xp_at&guild_id=eq.1482705779697123378&user_id=eq.812169085772890152 "HTTP/2 200 OK"
2026-03-16 04:00:24 [INFO    ] httpx: HTTP Request: GET https://tadbbmsotttrpoyzwgrx.supabase.co/rest/v1/xp_profiles?select=%2A&guild_id=eq.1482705779697123378&user_id=eq.1473975741665251440 "HTTP/2 200 OK"
2026-03-16 04:00:24 [INFO    ] httpx: HTTP Request: GET https://tadbbmsotttrpoyzwgrx.supabase.co/rest/v1/user_badges?select=badge_key&guild_id=eq.1482705779697123378&user_id=eq.1473975741665251440 "HTTP/2 200 OK"
2026-03-16 04:01:09 [INFO    ] httpx: HTTP Request: GET https://tadbbmsotttrpoyzwgrx.supabase.co/rest/v1/xp_profiles?select=xp&guild_id=eq.1482705779697123378&user_id=eq.1473975741665251440 "HTTP/2 200 OK"
2026-03-16 04:01:10 [INFO    ] httpx: HTTP Request: PATCH https://tadbbmsotttrpoyzwgrx.supabase.co/rest/v1/xp_profiles?guild_id=eq.1482705779697123378&user_id=eq.1473975741665251440 "HTTP/2 200 OK"
2026-03-16 04:01:10 [INFO    ] httpx: HTTP Request: GET https://tadbbmsotttrpoyzwgrx.supabase.co/rest/v1/rank_tiers?select=%2A&guild_id=eq.1482705779697123378&level_min=lte.79&level_max=gte.79 "HTTP/2 200 OK"
2026-03-16 04:01:10 [INFO    ] httpx: HTTP Request: GET https://tadbbmsotttrpoyzwgrx.supabase.co/rest/v1/rank_tiers?select=%2A&guild_id=eq.1482705779697123378&level_min=lte.0&level_max=gte.0 "HTTP/2 200 OK"
2026-03-16 04:01:10 [INFO    ] httpx: HTTP Request: GET https://tadbbmsotttrpoyzwgrx.supabase.co/rest/v1/xp_settings?select=%2A&guild_id=eq.1482705779697123378 "HTTP/2 200 OK"
2026-03-16 04:01:10 [INFO    ] httpx: HTTP Request: GET https://tadbbmsotttrpoyzwgrx.supabase.co/rest/v1/xp_settings?select=%2A&guild_id=eq.1482705779697123378 "HTTP/2 200 OK"
2026-03-16 04:01:10 [INFO    ] httpx: HTTP Request: GET https://tadbbmsotttrpoyzwgrx.supabase.co/rest/v1/xp_profiles?select=last_xp_at&guild_id=eq.1482705779697123378&user_id=eq.812169085772890152 "HTTP/2 200 OK"
2026-03-16 04:01:10 [INFO    ] httpx: HTTP Request: GET https://tadbbmsotttrpoyzwgrx.supabase.co/rest/v1/xp_profiles?select=%2A&guild_id=eq.1482705779697123378&user_id=eq.812169085772890152 "HTTP/2 200 OK"
2026-03-16 04:01:10 [INFO    ] httpx: HTTP Request: PATCH https://tadbbmsotttrpoyzwgrx.supabase.co/rest/v1/xp_profiles?guild_id=eq.1482705779697123378&user_id=eq.812169085772890152 "HTTP/2 200 OK"
2026-03-16 04:01:11 [INFO    ] httpx: HTTP Request: GET https://tadbbmsotttrpoyzwgrx.supabase.co/rest/v1/user_badges?select=badge_key&guild_id=eq.1482705779697123378&user_id=eq.812169085772890152 "HTTP/2 200 OK"
2026-03-16 04:01:11 [INFO    ] httpx: HTTP Request: GET https://tadbbmsotttrpoyzwgrx.supabase.co/rest/v1/xp_profiles?select=%2A&guild_id=eq.1482705779697123378&user_id=eq.1473975741665251440 "HTTP/2 200 OK"
2026-03-16 04:01:11 [INFO    ] httpx: HTTP Request: GET https://tadbbmsotttrpoyzwgrx.supabase.co/rest/v1/user_badges?select=badge_key&guild_id=eq.1482705779697123378&user_id=eq.1473975741665251440 "HTTP/2 200 OK"
2026-03-16 04:01:11 [INFO    ] httpx: HTTP Request: GET https://tadbbmsotttrpoyzwgrx.supabase.co/rest/v1/user_badges?select=count&guild_id=eq.1482705779697123378&badge_key=eq.pioneer "HTTP/2 200 OK"
2026-03-16 04:01:12 [INFO    ] httpx: HTTP Request: GET https://tadbbmsotttrpoyzwgrx.supabase.co/rest/v1/badge_roles?select=%2A&guild_id=eq.1482705779697123378 "HTTP/2 200 OK"
2026-03-16 04:01:12 [INFO    ] httpx: HTTP Request: POST https://tadbbmsotttrpoyzwgrx.supabase.co/rest/v1/user_badges "HTTP/2 201 Created"
2026-03-16 04:03:10 [INFO    ] httpx: HTTP Request: GET https://tadbbmsotttrpoyzwgrx.supabase.co/rest/v1/xp_settings?select=%2A&guild_id=eq.1482705779697123378 "HTTP/2 200 OK"
2026-03-16 04:03:10 [INFO    ] httpx: HTTP Request: GET https://tadbbmsotttrpoyzwgrx.supabase.co/rest/v1/xp_profiles?select=last_xp_at&guild_id=eq.1482705779697123378&user_id=eq.812169085772890152 "HTTP/2 200 OK"
2026-03-16 04:03:10 [INFO    ] httpx: HTTP Request: GET https://tadbbmsotttrpoyzwgrx.supabase.co/rest/v1/xp_profiles?select=%2A&guild_id=eq.1482705779697123378&user_id=eq.812169085772890152 "HTTP/2 200 OK"
2026-03-16 04:03:10 [INFO    ] httpx: HTTP Request: PATCH https://tadbbmsotttrpoyzwgrx.supabase.co/rest/v1/xp_profiles?guild_id=eq.1482705779697123378&user_id=eq.812169085772890152 "HTTP/2 200 OK"
2026-03-16 04:03:10 [INFO    ] httpx: HTTP Request: GET https://tadbbmsotttrpoyzwgrx.supabase.co/rest/v1/user_badges?select=badge_key&guild_id=eq.1482705779697123378&user_id=eq.812169085772890152 "HTTP/2 200 OK"
2026-03-16 04:03:10 [ERROR   ] bot: Unhandled error in help: Command raised an exception: NameError: name 'error_embed' is not defined
NoneType: None
2026-03-16 04:03:12 [INFO    ] httpx: HTTP Request: GET https://tadbbmsotttrpoyzwgrx.supabase.co/rest/v1/xp_settings?select=%2A&guild_id=eq.1482705779697123378 "HTTP/2 200 OK"
2026-03-16 04:03:13 [INFO    ] httpx: HTTP Request: GET https://tadbbmsotttrpoyzwgrx.supabase.co/rest/v1/xp_profiles?select=last_xp_at&guild_id=eq.1482705779697123378&user_id=eq.812169085772890152 "HTTP/2 200 OK"
2026-03-16 04:03:21 [INFO    ] httpx: HTTP Request: GET https://tadbbmsotttrpoyzwgrx.supabase.co/rest/v1/xp_settings?select=%2A&guild_id=eq.1482705779697123378 "HTTP/2 200 OK"
2026-03-16 04:03:21 [INFO    ] httpx: HTTP Request: GET https://tadbbmsotttrpoyzwgrx.supabase.co/rest/v1/xp_profiles?select=last_xp_at&guild_id=eq.1482705779697123378&user_id=eq.812169085772890152 "HTTP/2 200 OK"
2026-03-16 04:03:30 [INFO    ] httpx: HTTP Request: GET https://tadbbmsotttrpoyzwgrx.supabase.co/rest/v1/xp_settings?select=%2A&guild_id=eq.1482705779697123378 "HTTP/2 200 OK"
2026-03-16 04:03:30 [INFO    ] httpx: HTTP Request: GET https://tadbbmsotttrpoyzwgrx.supabase.co/rest/v1/xp_profiles?select=last_xp_at&guild_id=eq.1482705779697123378&user_id=eq.812169085772890152 "HTTP/2 200 OK"
2026-03-16 04:03:53 [INFO    ] httpx: HTTP Request: GET https://tadbbmsotttrpoyzwgrx.supabase.co/rest/v1/xp_settings?select=%2A&guild_id=eq.1482705779697123378 "HTTP/2 200 OK"
2026-03-16 04:03:53 [INFO    ] httpx: HTTP Request: GET https://tadbbmsotttrpoyzwgrx.supabase.co/rest/v1/xp_profiles?select=last_xp_at&guild_id=eq.1482705779697123378&user_id=eq.812169085772890152 "HTTP/2 200 OK"
2026-03-16 04:05:19 [WARNING ] discord.client: PyNaCl is not installed, voice will NOT be supported
2026-03-16 04:05:19 [WARNING ] discord.client: davey is not installed, voice will NOT be supported
2026-03-16 04:05:19 [INFO    ] discord.client: logging in using static token
2026-03-16 04:05:20 [INFO    ] db.client: Supabase client initialised.
2026-03-16 04:05:20 [INFO    ] bot: Loaded cog: cogs.general
2026-03-16 04:05:20 [INFO    ] bot: Loaded cog: cogs.levels
2026-03-16 04:05:20 [INFO    ] bot: Loaded cog: cogs.moderation
2026-03-16 04:05:20 [INFO    ] bot: Loaded cog: cogs.xp
2026-03-16 04:05:20 [INFO    ] bot: Slash commands synced.
2026-03-16 04:05:21 [INFO    ] discord.gateway: Shard ID None has connected to Gateway (Session ID: c0a1407047ed1ab99453bde4535758b8).
2026-03-16 04:05:24 [INFO    ] httpx: HTTP Request: GET https://tadbbmsotttrpoyzwgrx.supabase.co/rest/v1/xp_settings?select=%2A&guild_id=eq.1482705779697123378 "HTTP/2 200 OK"
2026-03-16 04:05:24 [INFO    ] httpx: HTTP Request: GET https://tadbbmsotttrpoyzwgrx.supabase.co/rest/v1/xp_profiles?select=last_xp_at&guild_id=eq.1482705779697123378&user_id=eq.812169085772890152 "HTTP/2 200 OK"
2026-03-16 04:05:24 [INFO    ] httpx: HTTP Request: GET https://tadbbmsotttrpoyzwgrx.supabase.co/rest/v1/xp_profiles?select=%2A&guild_id=eq.1482705779697123378&user_id=eq.812169085772890152 "HTTP/2 200 OK"
2026-03-16 04:05:24 [INFO    ] httpx: HTTP Request: PATCH https://tadbbmsotttrpoyzwgrx.supabase.co/rest/v1/xp_profiles?guild_id=eq.1482705779697123378&user_id=eq.812169085772890152 "HTTP/2 200 OK"
2026-03-16 04:05:24 [INFO    ] httpx: HTTP Request: GET https://tadbbmsotttrpoyzwgrx.supabase.co/rest/v1/rank_tiers?select=%2A&guild_id=eq.1482705779697123378&level_min=lte.2&level_max=gte.2 "HTTP/2 200 OK"
2026-03-16 04:05:25 [INFO    ] httpx: HTTP Request: GET https://tadbbmsotttrpoyzwgrx.supabase.co/rest/v1/rank_tiers?select=%2A&guild_id=eq.1482705779697123378&level_min=lte.1&level_max=gte.1 "HTTP/2 200 OK"
2026-03-16 04:05:25 [INFO    ] httpx: HTTP Request: GET https://tadbbmsotttrpoyzwgrx.supabase.co/rest/v1/xp_settings?select=%2A&guild_id=eq.1482705779697123378 "HTTP/2 200 OK"
2026-03-16 04:05:25 [INFO    ] bot: Logged in as Catalog#0564 (ID: 1482728261422157865)
2026-03-16 04:05:25 [INFO    ] httpx: HTTP Request: GET https://tadbbmsotttrpoyzwgrx.supabase.co/rest/v1/rank_tiers?select=level_min&guild_id=eq.1482705779697123378&limit=1 "HTTP/2 200 OK"
2026-03-16 04:05:25 [INFO    ] httpx: HTTP Request: GET https://tadbbmsotttrpoyzwgrx.supabase.co/rest/v1/user_badges?select=badge_key&guild_id=eq.1482705779697123378&user_id=eq.812169085772890152 "HTTP/2 200 OK"
2026-03-16 04:05:32 [INFO    ] httpx: HTTP Request: GET https://tadbbmsotttrpoyzwgrx.supabase.co/rest/v1/xp_settings?select=%2A&guild_id=eq.1482705779697123378 "HTTP/2 200 OK"
2026-03-16 04:05:32 [INFO    ] httpx: HTTP Request: GET https://tadbbmsotttrpoyzwgrx.supabase.co/rest/v1/xp_profiles?select=last_xp_at&guild_id=eq.1482705779697123378&user_id=eq.812169085772890152 "HTTP/2 200 OK"
2026-03-16 04:14:32 [WARNING ] discord.client: PyNaCl is not installed, voice will NOT be supported
2026-03-16 04:14:32 [WARNING ] discord.client: davey is not installed, voice will NOT be supported
2026-03-16 04:14:32 [INFO    ] discord.client: logging in using static token
2026-03-16 04:14:33 [INFO    ] db.client: Supabase client initialised.
2026-03-16 04:14:35 [INFO    ] cogs.ai: Gemini AI client successfully initialized.
2026-03-16 04:14:35 [INFO    ] bot: Loaded cog: cogs.ai
2026-03-16 04:14:35 [INFO    ] bot: Loaded cog: cogs.general
2026-03-16 04:14:35 [INFO    ] bot: Loaded cog: cogs.levels
2026-03-16 04:14:35 [INFO    ] bot: Loaded cog: cogs.moderation
2026-03-16 04:14:35 [INFO    ] bot: Loaded cog: cogs.xp
2026-03-16 04:14:35 [INFO    ] bot: Slash commands synced.
2026-03-16 04:14:36 [INFO    ] discord.gateway: Shard ID None has connected to Gateway (Session ID: d5a7e79e13130b0ff2193b9a11bec2bc).
2026-03-16 04:14:38 [INFO    ] bot: Logged in as Catalog#0564 (ID: 1482728261422157865)
2026-03-16 04:14:39 [INFO    ] httpx: HTTP Request: GET https://tadbbmsotttrpoyzwgrx.supabase.co/rest/v1/rank_tiers?select=level_min&guild_id=eq.1482705779697123378&limit=1 "HTTP/2 200 OK"
2026-03-16 04:14:42 [INFO    ] httpx: HTTP Request: GET https://tadbbmsotttrpoyzwgrx.supabase.co/rest/v1/xp_settings?select=%2A&guild_id=eq.1482705779697123378 "HTTP/2 200 OK"
2026-03-16 04:14:42 [INFO    ] httpx: HTTP Request: GET https://tadbbmsotttrpoyzwgrx.supabase.co/rest/v1/xp_profiles?select=last_xp_at&guild_id=eq.1482705779697123378&user_id=eq.812169085772890152 "HTTP/2 200 OK"
2026-03-16 04:14:42 [INFO    ] httpx: HTTP Request: GET https://tadbbmsotttrpoyzwgrx.supabase.co/rest/v1/xp_profiles?select=%2A&guild_id=eq.1482705779697123378&user_id=eq.812169085772890152 "HTTP/2 200 OK"
2026-03-16 04:14:42 [INFO    ] httpx: HTTP Request: PATCH https://tadbbmsotttrpoyzwgrx.supabase.co/rest/v1/xp_profiles?guild_id=eq.1482705779697123378&user_id=eq.812169085772890152 "HTTP/2 200 OK"
2026-03-16 04:14:42 [INFO    ] httpx: HTTP Request: GET https://tadbbmsotttrpoyzwgrx.supabase.co/rest/v1/user_badges?select=badge_key&guild_id=eq.1482705779697123378&user_id=eq.812169085772890152 "HTTP/2 200 OK"
2026-03-16 04:14:42 [INFO    ] google_genai.models: AFC is enabled with max remote calls: 10.
2026-03-16 04:14:43 [INFO    ] httpx: HTTP Request: POST https://generativelanguage.googleapis.com/v1beta/models/gemini-3.0-flash:generateContent "HTTP/1.1 404 Not Found"
2026-03-16 04:14:43 [ERROR   ] cogs.ai: Error generating Gemini response: 404 NOT_FOUND. {'error': {'code': 404, 'message': 'models/gemini-3.0-flash is not found for API version v1beta, or is not supported for generateContent. Call ListModels to see the list of available models and their supported methods.', 'status': 'NOT_FOUND'}}
2026-03-16 04:14:55 [INFO    ] httpx: HTTP Request: GET https://tadbbmsotttrpoyzwgrx.supabase.co/rest/v1/xp_settings?select=%2A&guild_id=eq.1482705779697123378 "HTTP/2 200 OK"
2026-03-16 04:14:55 [INFO    ] httpx: HTTP Request: GET https://tadbbmsotttrpoyzwgrx.supabase.co/rest/v1/xp_profiles?select=last_xp_at&guild_id=eq.1482705779697123378&user_id=eq.812169085772890152 "HTTP/2 200 OK"
2026-03-16 04:14:55 [INFO    ] google_genai.models: AFC is enabled with max remote calls: 10.
2026-03-16 04:14:56 [INFO    ] httpx: HTTP Request: POST https://generativelanguage.googleapis.com/v1beta/models/gemini-3.0-flash:generateContent "HTTP/1.1 404 Not Found"
2026-03-16 04:14:56 [ERROR   ] cogs.ai: Error generating Gemini response: 404 NOT_FOUND. {'error': {'code': 404, 'message': 'models/gemini-3.0-flash is not found for API version v1beta, or is not supported for generateContent. Call ListModels to see the list of available models and their supported methods.', 'status': 'NOT_FOUND'}}
2026-03-16 04:15:59 [INFO    ] httpx: HTTP Request: GET https://tadbbmsotttrpoyzwgrx.supabase.co/rest/v1/xp_settings?select=%2A&guild_id=eq.1482705779697123378 "HTTP/2 200 OK"
2026-03-16 04:15:59 [INFO    ] httpx: HTTP Request: GET https://tadbbmsotttrpoyzwgrx.supabase.co/rest/v1/xp_profiles?select=last_xp_at&guild_id=eq.1482705779697123378&user_id=eq.812169085772890152 "HTTP/2 200 OK"
2026-03-16 04:15:59 [INFO    ] httpx: HTTP Request: GET https://tadbbmsotttrpoyzwgrx.supabase.co/rest/v1/xp_profiles?select=%2A&guild_id=eq.1482705779697123378&user_id=eq.812169085772890152 "HTTP/2 200 OK"
2026-03-16 04:16:00 [INFO    ] httpx: HTTP Request: PATCH https://tadbbmsotttrpoyzwgrx.supabase.co/rest/v1/xp_profiles?guild_id=eq.1482705779697123378&user_id=eq.812169085772890152 "HTTP/2 200 OK"
2026-03-16 04:16:00 [INFO    ] httpx: HTTP Request: GET https://tadbbmsotttrpoyzwgrx.supabase.co/rest/v1/user_badges?select=badge_key&guild_id=eq.1482705779697123378&user_id=eq.812169085772890152 "HTTP/2 200 OK"
2026-03-16 04:16:00 [INFO    ] httpx: HTTP Request: GET https://tadbbmsotttrpoyzwgrx.supabase.co/rest/v1/xp_profiles?select=user_id%2Clevel&guild_id=eq.1482705779697123378 "HTTP/2 200 OK"
2026-03-16 04:17:25 [WARNING ] discord.client: PyNaCl is not installed, voice will NOT be supported
2026-03-16 04:17:25 [WARNING ] discord.client: davey is not installed, voice will NOT be supported
2026-03-16 04:17:25 [INFO    ] discord.client: logging in using static token
2026-03-16 04:17:26 [INFO    ] db.client: Supabase client initialised.
2026-03-16 04:17:28 [INFO    ] cogs.ai: Gemini AI client successfully initialized.
2026-03-16 04:17:28 [INFO    ] bot: Loaded cog: cogs.ai
2026-03-16 04:17:28 [INFO    ] bot: Loaded cog: cogs.general
2026-03-16 04:17:28 [INFO    ] bot: Loaded cog: cogs.levels
2026-03-16 04:17:28 [INFO    ] bot: Loaded cog: cogs.moderation
2026-03-16 04:17:28 [INFO    ] bot: Loaded cog: cogs.xp
2026-03-16 04:17:29 [INFO    ] bot: Slash commands synced.
2026-03-16 04:17:29 [INFO    ] discord.gateway: Shard ID None has connected to Gateway (Session ID: 32f50d08b18d03b747b91f4edf8dedf7).
2026-03-16 04:17:31 [INFO    ] bot: Logged in as Catalog#0564 (ID: 1482728261422157865)
2026-03-16 04:17:32 [INFO    ] httpx: HTTP Request: GET https://tadbbmsotttrpoyzwgrx.supabase.co/rest/v1/rank_tiers?select=level_min&guild_id=eq.1482705779697123378&limit=1 "HTTP/2 200 OK"
2026-03-16 04:17:33 [INFO    ] httpx: HTTP Request: GET https://tadbbmsotttrpoyzwgrx.supabase.co/rest/v1/xp_settings?select=%2A&guild_id=eq.1482705779697123378 "HTTP/2 200 OK"
2026-03-16 04:17:33 [INFO    ] httpx: HTTP Request: GET https://tadbbmsotttrpoyzwgrx.supabase.co/rest/v1/xp_profiles?select=last_xp_at&guild_id=eq.1482705779697123378&user_id=eq.812169085772890152 "HTTP/2 200 OK"
2026-03-16 04:17:33 [INFO    ] httpx: HTTP Request: GET https://tadbbmsotttrpoyzwgrx.supabase.co/rest/v1/xp_profiles?select=%2A&guild_id=eq.1482705779697123378&user_id=eq.812169085772890152 "HTTP/2 200 OK"
2026-03-16 04:17:34 [INFO    ] httpx: HTTP Request: PATCH https://tadbbmsotttrpoyzwgrx.supabase.co/rest/v1/xp_profiles?guild_id=eq.1482705779697123378&user_id=eq.812169085772890152 "HTTP/2 200 OK"
2026-03-16 04:17:34 [INFO    ] httpx: HTTP Request: GET https://tadbbmsotttrpoyzwgrx.supabase.co/rest/v1/user_badges?select=badge_key&guild_id=eq.1482705779697123378&user_id=eq.812169085772890152 "HTTP/2 200 OK"
2026-03-16 04:17:34 [INFO    ] google_genai.models: AFC is enabled with max remote calls: 10.
2026-03-16 04:17:35 [INFO    ] httpx: HTTP Request: POST https://generativelanguage.googleapis.com/v1beta/models/gemini-3.1-flash-lite-preview:generateContent "HTTP/1.1 200 OK"
2026-03-16 04:17:49 [INFO    ] httpx: HTTP Request: GET https://tadbbmsotttrpoyzwgrx.supabase.co/rest/v1/xp_settings?select=%2A&guild_id=eq.1482705779697123378 "HTTP/2 200 OK"
2026-03-16 04:17:49 [INFO    ] httpx: HTTP Request: GET https://tadbbmsotttrpoyzwgrx.supabase.co/rest/v1/xp_profiles?select=last_xp_at&guild_id=eq.1482705779697123378&user_id=eq.812169085772890152 "HTTP/2 200 OK"
2026-03-16 04:17:49 [INFO    ] google_genai.models: AFC is enabled with max remote calls: 10.
2026-03-16 04:17:50 [INFO    ] httpx: HTTP Request: POST https://generativelanguage.googleapis.com/v1beta/models/gemini-3.1-flash-lite-preview:generateContent "HTTP/1.1 200 OK"
2026-03-16 04:17:56 [INFO    ] httpx: HTTP Request: GET https://tadbbmsotttrpoyzwgrx.supabase.co/rest/v1/xp_settings?select=%2A&guild_id=eq.1482705779697123378 "HTTP/2 200 OK"
2026-03-16 04:17:57 [INFO    ] httpx: HTTP Request: GET https://tadbbmsotttrpoyzwgrx.supabase.co/rest/v1/xp_profiles?select=last_xp_at&guild_id=eq.1482705779697123378&user_id=eq.812169085772890152 "HTTP/2 200 OK"
2026-03-16 04:17:57 [INFO    ] google_genai.models: AFC is enabled with max remote calls: 10.
2026-03-16 04:17:57 [INFO    ] httpx: HTTP Request: POST https://generativelanguage.googleapis.com/v1beta/models/gemini-3.1-flash-lite-preview:generateContent "HTTP/1.1 200 OK"
2026-03-16 04:18:07 [INFO    ] httpx: HTTP Request: GET https://tadbbmsotttrpoyzwgrx.supabase.co/rest/v1/xp_settings?select=%2A&guild_id=eq.1482705779697123378 "HTTP/2 200 OK"
2026-03-16 04:18:07 [INFO    ] httpx: HTTP Request: GET https://tadbbmsotttrpoyzwgrx.supabase.co/rest/v1/xp_profiles?select=last_xp_at&guild_id=eq.1482705779697123378&user_id=eq.812169085772890152 "HTTP/2 200 OK"
2026-03-16 04:18:07 [INFO    ] google_genai.models: AFC is enabled with max remote calls: 10.
2026-03-16 04:18:45 [INFO    ] httpx: HTTP Request: POST https://generativelanguage.googleapis.com/v1beta/models/gemini-3.1-flash-lite-preview:generateContent "HTTP/1.1 200 OK"
2026-03-16 04:19:17 [INFO    ] httpx: HTTP Request: GET https://tadbbmsotttrpoyzwgrx.supabase.co/rest/v1/xp_settings?select=%2A&guild_id=eq.1482705779697123378 "HTTP/2 200 OK"
2026-03-16 04:19:17 [INFO    ] httpx: HTTP Request: GET https://tadbbmsotttrpoyzwgrx.supabase.co/rest/v1/xp_profiles?select=last_xp_at&guild_id=eq.1482705779697123378&user_id=eq.812169085772890152 "HTTP/2 200 OK"
2026-03-16 04:19:17 [INFO    ] httpx: HTTP Request: GET https://tadbbmsotttrpoyzwgrx.supabase.co/rest/v1/xp_profiles?select=%2A&guild_id=eq.1482705779697123378&user_id=eq.812169085772890152 "HTTP/2 200 OK"
2026-03-16 04:19:17 [INFO    ] httpx: HTTP Request: PATCH https://tadbbmsotttrpoyzwgrx.supabase.co/rest/v1/xp_profiles?guild_id=eq.1482705779697123378&user_id=eq.812169085772890152 "HTTP/2 200 OK"
2026-03-16 04:19:17 [INFO    ] httpx: HTTP Request: GET https://tadbbmsotttrpoyzwgrx.supabase.co/rest/v1/user_badges?select=badge_key&guild_id=eq.1482705779697123378&user_id=eq.812169085772890152 "HTTP/2 200 OK"
2026-03-16 04:19:18 [INFO    ] google_genai.models: AFC is enabled with max remote calls: 10.
2026-03-16 04:19:58 [INFO    ] httpx: HTTP Request: POST https://generativelanguage.googleapis.com/v1beta/models/gemini-3.1-flash-lite-preview:generateContent "HTTP/1.1 200 OK"
2026-03-16 04:20:09 [INFO    ] httpx: HTTP Request: GET https://tadbbmsotttrpoyzwgrx.supabase.co/rest/v1/xp_settings?select=%2A&guild_id=eq.1482705779697123378 "HTTP/2 200 OK"
2026-03-16 04:20:09 [INFO    ] httpx: HTTP Request: GET https://tadbbmsotttrpoyzwgrx.supabase.co/rest/v1/xp_profiles?select=last_xp_at&guild_id=eq.1482705779697123378&user_id=eq.1473975741665251440 "HTTP/2 200 OK"
2026-03-16 04:20:09 [INFO    ] httpx: HTTP Request: GET https://tadbbmsotttrpoyzwgrx.supabase.co/rest/v1/xp_profiles?select=%2A&guild_id=eq.1482705779697123378&user_id=eq.1473975741665251440 "HTTP/2 200 OK"
2026-03-16 04:20:09 [INFO    ] httpx: HTTP Request: PATCH https://tadbbmsotttrpoyzwgrx.supabase.co/rest/v1/xp_profiles?guild_id=eq.1482705779697123378&user_id=eq.1473975741665251440 "HTTP/2 200 OK"
2026-03-16 04:20:09 [INFO    ] httpx: HTTP Request: GET https://tadbbmsotttrpoyzwgrx.supabase.co/rest/v1/user_badges?select=badge_key&guild_id=eq.1482705779697123378&user_id=eq.1473975741665251440 "HTTP/2 200 OK"
2026-03-16 04:20:09 [INFO    ] google_genai.models: AFC is enabled with max remote calls: 10.
2026-03-16 04:20:11 [INFO    ] httpx: HTTP Request: POST https://generativelanguage.googleapis.com/v1beta/models/gemini-3.1-flash-lite-preview:generateContent "HTTP/1.1 200 OK"
2026-03-16 04:20:35 [INFO    ] httpx: HTTP Request: GET https://tadbbmsotttrpoyzwgrx.supabase.co/rest/v1/xp_settings?select=%2A&guild_id=eq.1482705779697123378 "HTTP/2 200 OK"
2026-03-16 04:20:35 [INFO    ] httpx: HTTP Request: GET https://tadbbmsotttrpoyzwgrx.supabase.co/rest/v1/xp_profiles?select=last_xp_at&guild_id=eq.1482705779697123378&user_id=eq.812169085772890152 "HTTP/2 200 OK"
2026-03-16 04:20:35 [INFO    ] httpx: HTTP Request: GET https://tadbbmsotttrpoyzwgrx.supabase.co/rest/v1/xp_profiles?select=%2A&guild_id=eq.1482705779697123378&user_id=eq.812169085772890152 "HTTP/2 200 OK"
2026-03-16 04:20:35 [INFO    ] httpx: HTTP Request: PATCH https://tadbbmsotttrpoyzwgrx.supabase.co/rest/v1/xp_profiles?guild_id=eq.1482705779697123378&user_id=eq.812169085772890152 "HTTP/2 200 OK"
2026-03-16 04:20:35 [INFO    ] httpx: HTTP Request: GET https://tadbbmsotttrpoyzwgrx.supabase.co/rest/v1/user_badges?select=badge_key&guild_id=eq.1482705779697123378&user_id=eq.812169085772890152 "HTTP/2 200 OK"
2026-03-16 04:20:36 [INFO    ] google_genai.models: AFC is enabled with max remote calls: 10.
2026-03-16 04:20:36 [INFO    ] httpx: HTTP Request: POST https://generativelanguage.googleapis.com/v1beta/models/gemini-3.1-flash-lite-preview:generateContent "HTTP/1.1 200 OK"
2026-03-16 04:20:44 [INFO    ] httpx: HTTP Request: GET https://tadbbmsotttrpoyzwgrx.supabase.co/rest/v1/xp_settings?select=%2A&guild_id=eq.1482705779697123378 "HTTP/2 200 OK"
2026-03-16 04:20:44 [INFO    ] httpx: HTTP Request: GET https://tadbbmsotttrpoyzwgrx.supabase.co/rest/v1/xp_profiles?select=last_xp_at&guild_id=eq.1482705779697123378&user_id=eq.812169085772890152 "HTTP/2 200 OK"
2026-03-16 04:20:44 [INFO    ] google_genai.models: AFC is enabled with max remote calls: 10.
2026-03-16 04:20:45 [INFO    ] httpx: HTTP Request: POST https://generativelanguage.googleapis.com/v1beta/models/gemini-3.1-flash-lite-preview:generateContent "HTTP/1.1 200 OK"
2026-03-16 04:25:44 [WARNING ] discord.client: PyNaCl is not installed, voice will NOT be supported
2026-03-16 04:25:44 [WARNING ] discord.client: davey is not installed, voice will NOT be supported
2026-03-16 04:25:44 [INFO    ] discord.client: logging in using static token
2026-03-16 04:25:46 [INFO    ] db.client: Supabase client initialised.
2026-03-16 04:25:48 [INFO    ] cogs.ai: Gemini AI client successfully initialized.
2026-03-16 04:25:48 [INFO    ] bot: Loaded cog: cogs.ai
2026-03-16 04:25:48 [INFO    ] bot: Loaded cog: cogs.general
2026-03-16 04:25:48 [INFO    ] bot: Loaded cog: cogs.levels
2026-03-16 04:25:48 [INFO    ] bot: Loaded cog: cogs.moderation
2026-03-16 04:25:48 [INFO    ] bot: Loaded cog: cogs.xp
2026-03-16 04:25:48 [INFO    ] bot: Slash commands synced.
2026-03-16 04:25:49 [INFO    ] discord.gateway: Shard ID None has connected to Gateway (Session ID: f19baa13b21882b511a76f10a1edbd14).
2026-03-16 04:25:51 [INFO    ] bot: Logged in as Catalog#0564 (ID: 1482728261422157865)
2026-03-16 04:25:52 [INFO    ] httpx: HTTP Request: GET https://tadbbmsotttrpoyzwgrx.supabase.co/rest/v1/rank_tiers?select=level_min&guild_id=eq.1482705779697123378&limit=1 "HTTP/2 200 OK"
2026-03-16 04:25:52 [INFO    ] google_genai.models: AFC is enabled with max remote calls: 10.
2026-03-16 04:25:52 [INFO    ] google_genai.models: AFC is enabled with max remote calls: 10.
2026-03-16 04:25:53 [INFO    ] httpx: HTTP Request: POST https://generativelanguage.googleapis.com/v1beta/models/gemini-3.1-flash-lite-preview:generateContent "HTTP/1.1 200 OK"
2026-03-16 04:25:53 [INFO    ] httpx: HTTP Request: POST https://generativelanguage.googleapis.com/v1beta/models/gemini-3.1-flash-lite-preview:generateContent "HTTP/1.1 200 OK"
2026-03-16 04:27:12 [WARNING ] discord.client: PyNaCl is not installed, voice will NOT be supported
2026-03-16 04:27:12 [WARNING ] discord.client: davey is not installed, voice will NOT be supported
2026-03-16 04:27:12 [INFO    ] discord.client: logging in using static token
2026-03-16 04:27:14 [INFO    ] db.client: Supabase client initialised.
2026-03-16 04:27:16 [INFO    ] cogs.ai: Gemini AI client successfully initialized.
2026-03-16 04:27:16 [INFO    ] bot: Loaded cog: cogs.ai
2026-03-16 04:27:16 [INFO    ] bot: Loaded cog: cogs.general
2026-03-16 04:27:16 [INFO    ] bot: Loaded cog: cogs.levels
2026-03-16 04:27:16 [INFO    ] bot: Loaded cog: cogs.moderation
2026-03-16 04:27:16 [INFO    ] bot: Loaded cog: cogs.xp
2026-03-16 04:27:17 [INFO    ] bot: Slash commands synced.
2026-03-16 04:27:18 [INFO    ] discord.gateway: Shard ID None has connected to Gateway (Session ID: 47ad39a034c41696934b485decf333f1).
2026-03-16 04:27:20 [INFO    ] bot: Logged in as Catalog#0564 (ID: 1482728261422157865)
2026-03-16 04:27:21 [INFO    ] httpx: HTTP Request: GET https://tadbbmsotttrpoyzwgrx.supabase.co/rest/v1/rank_tiers?select=level_min&guild_id=eq.1482705779697123378&limit=1 "HTTP/2 200 OK"
2026-03-16 04:27:36 [INFO    ] google_genai.models: AFC is enabled with max remote calls: 10.
2026-03-16 04:27:37 [INFO    ] httpx: HTTP Request: POST https://generativelanguage.googleapis.com/v1beta/models/gemini-3.1-flash-lite-preview:generateContent "HTTP/1.1 200 OK"
2026-03-16 04:28:15 [INFO    ] httpx: HTTP Request: GET https://tadbbmsotttrpoyzwgrx.supabase.co/rest/v1/xp_settings?select=%2A&guild_id=eq.1482705779697123378 "HTTP/2 200 OK"
2026-03-16 04:28:15 [INFO    ] httpx: HTTP Request: GET https://tadbbmsotttrpoyzwgrx.supabase.co/rest/v1/xp_profiles?select=last_xp_at&guild_id=eq.1482705779697123378&user_id=eq.812169085772890152 "HTTP/2 200 OK"
2026-03-16 04:28:15 [INFO    ] httpx: HTTP Request: GET https://tadbbmsotttrpoyzwgrx.supabase.co/rest/v1/xp_profiles?select=%2A&guild_id=eq.1482705779697123378&user_id=eq.812169085772890152 "HTTP/2 200 OK"
2026-03-16 04:28:15 [INFO    ] httpx: HTTP Request: PATCH https://tadbbmsotttrpoyzwgrx.supabase.co/rest/v1/xp_profiles?guild_id=eq.1482705779697123378&user_id=eq.812169085772890152 "HTTP/2 200 OK"
2026-03-16 04:28:15 [INFO    ] httpx: HTTP Request: GET https://tadbbmsotttrpoyzwgrx.supabase.co/rest/v1/user_badges?select=badge_key&guild_id=eq.1482705779697123378&user_id=eq.812169085772890152 "HTTP/2 200 OK"
2026-03-16 04:28:15 [INFO    ] google_genai.models: AFC is enabled with max remote calls: 10.
2026-03-16 04:28:17 [INFO    ] httpx: HTTP Request: POST https://generativelanguage.googleapis.com/v1beta/models/gemini-3.1-flash-lite-preview:generateContent "HTTP/1.1 200 OK"
2026-03-16 04:28:33 [INFO    ] google_genai.models: AFC is enabled with max remote calls: 10.
2026-03-16 04:28:34 [INFO    ] httpx: HTTP Request: POST https://generativelanguage.googleapis.com/v1beta/models/gemini-3.1-flash-lite-preview:generateContent "HTTP/1.1 200 OK"
2026-03-16 04:28:47 [WARNING ] discord.client: PyNaCl is not installed, voice will NOT be supported
2026-03-16 04:28:47 [WARNING ] discord.client: davey is not installed, voice will NOT be supported
2026-03-16 04:28:47 [INFO    ] discord.client: logging in using static token
2026-03-16 04:28:48 [INFO    ] db.client: Supabase client initialised.
2026-03-16 04:28:50 [INFO    ] cogs.ai: Gemini AI client successfully initialized.
2026-03-16 04:28:50 [INFO    ] bot: Loaded cog: cogs.ai
2026-03-16 04:28:50 [INFO    ] bot: Loaded cog: cogs.general
2026-03-16 04:28:50 [INFO    ] bot: Loaded cog: cogs.levels
2026-03-16 04:28:50 [INFO    ] bot: Loaded cog: cogs.moderation
2026-03-16 04:28:50 [INFO    ] bot: Loaded cog: cogs.xp
2026-03-16 04:28:51 [INFO    ] bot: Slash commands synced.
2026-03-16 04:28:51 [INFO    ] discord.gateway: Shard ID None has connected to Gateway (Session ID: 0aaa555e7700cebca6a069a18cb32c6f).
2026-03-16 04:28:53 [INFO    ] bot: Logged in as Catalog#0564 (ID: 1482728261422157865)
2026-03-16 04:28:54 [INFO    ] httpx: HTTP Request: GET https://tadbbmsotttrpoyzwgrx.supabase.co/rest/v1/rank_tiers?select=level_min&guild_id=eq.1482705779697123378&limit=1 "HTTP/2 200 OK"
2026-03-16 04:28:59 [INFO    ] google_genai.models: AFC is enabled with max remote calls: 10.
2026-03-16 04:29:00 [INFO    ] httpx: HTTP Request: POST https://generativelanguage.googleapis.com/v1beta/models/gemini-3.1-flash-lite-preview:generateContent "HTTP/1.1 200 OK"
2026-03-16 04:29:44 [INFO    ] httpx: HTTP Request: GET https://tadbbmsotttrpoyzwgrx.supabase.co/rest/v1/xp_settings?select=%2A&guild_id=eq.1482705779697123378 "HTTP/2 200 OK"
2026-03-16 04:29:44 [INFO    ] httpx: HTTP Request: GET https://tadbbmsotttrpoyzwgrx.supabase.co/rest/v1/xp_profiles?select=last_xp_at&guild_id=eq.1482705779697123378&user_id=eq.812169085772890152 "HTTP/2 200 OK"
2026-03-16 04:29:44 [INFO    ] httpx: HTTP Request: GET https://tadbbmsotttrpoyzwgrx.supabase.co/rest/v1/xp_profiles?select=%2A&guild_id=eq.1482705779697123378&user_id=eq.812169085772890152 "HTTP/2 200 OK"
2026-03-16 04:29:44 [INFO    ] httpx: HTTP Request: PATCH https://tadbbmsotttrpoyzwgrx.supabase.co/rest/v1/xp_profiles?guild_id=eq.1482705779697123378&user_id=eq.812169085772890152 "HTTP/2 200 OK"
2026-03-16 04:29:44 [INFO    ] httpx: HTTP Request: GET https://tadbbmsotttrpoyzwgrx.supabase.co/rest/v1/user_badges?select=badge_key&guild_id=eq.1482705779697123378&user_id=eq.812169085772890152 "HTTP/2 200 OK"
2026-03-16 04:29:51 [INFO    ] httpx: HTTP Request: GET https://tadbbmsotttrpoyzwgrx.supabase.co/rest/v1/xp_settings?select=%2A&guild_id=eq.1482705779697123378 "HTTP/2 200 OK"
2026-03-16 04:29:51 [INFO    ] httpx: HTTP Request: GET https://tadbbmsotttrpoyzwgrx.supabase.co/rest/v1/xp_profiles?select=last_xp_at&guild_id=eq.1482705779697123378&user_id=eq.812169085772890152 "HTTP/2 200 OK"
2026-03-16 04:29:51 [INFO    ] google_genai.models: AFC is enabled with max remote calls: 10.
2026-03-16 04:29:52 [INFO    ] httpx: HTTP Request: POST https://generativelanguage.googleapis.com/v1beta/models/gemini-3.1-flash-lite-preview:generateContent "HTTP/1.1 200 OK"
2026-03-16 04:30:35 [INFO    ] httpx: HTTP Request: GET https://tadbbmsotttrpoyzwgrx.supabase.co/rest/v1/xp_settings?select=%2A&guild_id=eq.1482705779697123378 "HTTP/2 200 OK"
2026-03-16 04:30:35 [INFO    ] httpx: HTTP Request: GET https://tadbbmsotttrpoyzwgrx.supabase.co/rest/v1/xp_profiles?select=last_xp_at&guild_id=eq.1482705779697123378&user_id=eq.812169085772890152 "HTTP/2 200 OK"
2026-03-16 04:30:35 [INFO    ] google_genai.models: AFC is enabled with max remote calls: 10.
2026-03-16 04:30:37 [INFO    ] httpx: HTTP Request: POST https://generativelanguage.googleapis.com/v1beta/models/gemini-3.1-flash-lite-preview:generateContent "HTTP/1.1 200 OK"
2026-03-16 04:30:49 [INFO    ] httpx: HTTP Request: GET https://tadbbmsotttrpoyzwgrx.supabase.co/rest/v1/xp_settings?select=%2A&guild_id=eq.1482705779697123378 "HTTP/2 200 OK"
2026-03-16 04:30:49 [INFO    ] httpx: HTTP Request: GET https://tadbbmsotttrpoyzwgrx.supabase.co/rest/v1/xp_profiles?select=last_xp_at&guild_id=eq.1482705779697123378&user_id=eq.812169085772890152 "HTTP/2 200 OK"
2026-03-16 04:30:49 [INFO    ] httpx: HTTP Request: GET https://tadbbmsotttrpoyzwgrx.supabase.co/rest/v1/xp_profiles?select=%2A&guild_id=eq.1482705779697123378&user_id=eq.812169085772890152 "HTTP/2 200 OK"
2026-03-16 04:30:50 [INFO    ] httpx: HTTP Request: PATCH https://tadbbmsotttrpoyzwgrx.supabase.co/rest/v1/xp_profiles?guild_id=eq.1482705779697123378&user_id=eq.812169085772890152 "HTTP/2 200 OK"
2026-03-16 04:30:50 [INFO    ] httpx: HTTP Request: GET https://tadbbmsotttrpoyzwgrx.supabase.co/rest/v1/user_badges?select=badge_key&guild_id=eq.1482705779697123378&user_id=eq.812169085772890152 "HTTP/2 200 OK"
2026-03-16 04:30:50 [INFO    ] google_genai.models: AFC is enabled with max remote calls: 10.
2026-03-16 04:31:13 [INFO    ] httpx: HTTP Request: POST https://generativelanguage.googleapis.com/v1beta/models/gemini-3.1-flash-lite-preview:generateContent "HTTP/1.1 200 OK"
2026-03-16 04:31:44 [INFO    ] httpx: HTTP Request: GET https://tadbbmsotttrpoyzwgrx.supabase.co/rest/v1/xp_settings?select=%2A&guild_id=eq.1482705779697123378 "HTTP/2 200 OK"
2026-03-16 04:31:44 [INFO    ] httpx: HTTP Request: GET https://tadbbmsotttrpoyzwgrx.supabase.co/rest/v1/xp_profiles?select=last_xp_at&guild_id=eq.1482705779697123378&user_id=eq.818373140576731156 "HTTP/2 200 OK"
2026-03-16 04:31:45 [INFO    ] httpx: HTTP Request: GET https://tadbbmsotttrpoyzwgrx.supabase.co/rest/v1/xp_profiles?select=%2A&guild_id=eq.1482705779697123378&user_id=eq.818373140576731156 "HTTP/2 200 OK"
2026-03-16 04:31:45 [INFO    ] httpx: HTTP Request: POST https://tadbbmsotttrpoyzwgrx.supabase.co/rest/v1/xp_profiles "HTTP/2 201 Created"
2026-03-16 04:31:45 [INFO    ] httpx: HTTP Request: GET https://tadbbmsotttrpoyzwgrx.supabase.co/rest/v1/user_badges?select=badge_key&guild_id=eq.1482705779697123378&user_id=eq.818373140576731156 "HTTP/2 200 OK"
2026-03-16 04:31:45 [INFO    ] httpx: HTTP Request: GET https://tadbbmsotttrpoyzwgrx.supabase.co/rest/v1/badge_roles?select=%2A&guild_id=eq.1482705779697123378 "HTTP/2 200 OK"
2026-03-16 04:31:45 [INFO    ] httpx: HTTP Request: POST https://tadbbmsotttrpoyzwgrx.supabase.co/rest/v1/user_badges "HTTP/2 201 Created"
2026-03-16 04:32:04 [INFO    ] httpx: HTTP Request: GET https://tadbbmsotttrpoyzwgrx.supabase.co/rest/v1/xp_settings?select=%2A&guild_id=eq.1482705779697123378 "HTTP/2 200 OK"
2026-03-16 04:32:04 [INFO    ] httpx: HTTP Request: GET https://tadbbmsotttrpoyzwgrx.supabase.co/rest/v1/xp_profiles?select=last_xp_at&guild_id=eq.1482705779697123378&user_id=eq.1473975741665251440 "HTTP/2 200 OK"
2026-03-16 04:32:04 [INFO    ] httpx: HTTP Request: GET https://tadbbmsotttrpoyzwgrx.supabase.co/rest/v1/xp_profiles?select=%2A&guild_id=eq.1482705779697123378&user_id=eq.1473975741665251440 "HTTP/2 200 OK"
2026-03-16 04:32:04 [INFO    ] httpx: HTTP Request: PATCH https://tadbbmsotttrpoyzwgrx.supabase.co/rest/v1/xp_profiles?guild_id=eq.1482705779697123378&user_id=eq.1473975741665251440 "HTTP/2 200 OK"
2026-03-16 04:32:04 [INFO    ] httpx: HTTP Request: GET https://tadbbmsotttrpoyzwgrx.supabase.co/rest/v1/user_badges?select=badge_key&guild_id=eq.1482705779697123378&user_id=eq.1473975741665251440 "HTTP/2 200 OK"
2026-03-16 04:32:05 [INFO    ] httpx: HTTP Request: GET https://tadbbmsotttrpoyzwgrx.supabase.co/rest/v1/xp_settings?select=%2A&guild_id=eq.1482705779697123378 "HTTP/2 200 OK"
2026-03-16 04:32:05 [INFO    ] httpx: HTTP Request: GET https://tadbbmsotttrpoyzwgrx.supabase.co/rest/v1/xp_profiles?select=last_xp_at&guild_id=eq.1482705779697123378&user_id=eq.1473975741665251440 "HTTP/2 200 OK"
2026-03-16 04:32:24 [INFO    ] httpx: HTTP Request: GET https://tadbbmsotttrpoyzwgrx.supabase.co/rest/v1/xp_settings?select=%2A&guild_id=eq.1482705779697123378 "HTTP/2 200 OK"
2026-03-16 04:32:24 [INFO    ] httpx: HTTP Request: GET https://tadbbmsotttrpoyzwgrx.supabase.co/rest/v1/xp_profiles?select=last_xp_at&guild_id=eq.1482705779697123378&user_id=eq.818373140576731156 "HTTP/2 200 OK"
2026-03-16 04:32:26 [INFO    ] httpx: HTTP Request: GET https://tadbbmsotttrpoyzwgrx.supabase.co/rest/v1/xp_settings?select=%2A&guild_id=eq.1482705779697123378 "HTTP/2 200 OK"
2026-03-16 04:32:26 [INFO    ] httpx: HTTP Request: GET https://tadbbmsotttrpoyzwgrx.supabase.co/rest/v1/xp_profiles?select=last_xp_at&guild_id=eq.1482705779697123378&user_id=eq.818373140576731156 "HTTP/2 200 OK"
2026-03-16 04:32:36 [INFO    ] httpx: HTTP Request: GET https://tadbbmsotttrpoyzwgrx.supabase.co/rest/v1/xp_settings?select=%2A&guild_id=eq.1482705779697123378 "HTTP/2 200 OK"
2026-03-16 04:32:36 [INFO    ] httpx: HTTP Request: GET https://tadbbmsotttrpoyzwgrx.supabase.co/rest/v1/xp_profiles?select=last_xp_at&guild_id=eq.1482705779697123378&user_id=eq.1473975741665251440 "HTTP/2 200 OK"
2026-03-16 04:33:14 [INFO    ] httpx: HTTP Request: GET https://tadbbmsotttrpoyzwgrx.supabase.co/rest/v1/xp_settings?select=%2A&guild_id=eq.1482705779697123378 "HTTP/2 200 OK"
2026-03-16 04:33:14 [INFO    ] httpx: HTTP Request: GET https://tadbbmsotttrpoyzwgrx.supabase.co/rest/v1/xp_profiles?select=last_xp_at&guild_id=eq.1482705779697123378&user_id=eq.1473975741665251440 "HTTP/2 200 OK"
2026-03-16 04:33:14 [INFO    ] httpx: HTTP Request: GET https://tadbbmsotttrpoyzwgrx.supabase.co/rest/v1/xp_profiles?select=%2A&guild_id=eq.1482705779697123378&user_id=eq.1473975741665251440 "HTTP/2 200 OK"
2026-03-16 04:33:14 [INFO    ] httpx: HTTP Request: PATCH https://tadbbmsotttrpoyzwgrx.supabase.co/rest/v1/xp_profiles?guild_id=eq.1482705779697123378&user_id=eq.1473975741665251440 "HTTP/2 200 OK"
2026-03-16 04:33:14 [INFO    ] httpx: HTTP Request: GET https://tadbbmsotttrpoyzwgrx.supabase.co/rest/v1/user_badges?select=badge_key&guild_id=eq.1482705779697123378&user_id=eq.1473975741665251440 "HTTP/2 200 OK"
2026-03-16 04:33:30 [INFO    ] httpx: HTTP Request: GET https://tadbbmsotttrpoyzwgrx.supabase.co/rest/v1/xp_settings?select=%2A&guild_id=eq.1482705779697123378 "HTTP/2 200 OK"
2026-03-16 04:33:30 [INFO    ] httpx: HTTP Request: GET https://tadbbmsotttrpoyzwgrx.supabase.co/rest/v1/xp_profiles?select=last_xp_at&guild_id=eq.1482705779697123378&user_id=eq.818373140576731156 "HTTP/2 200 OK"
2026-03-16 04:33:30 [INFO    ] httpx: HTTP Request: GET https://tadbbmsotttrpoyzwgrx.supabase.co/rest/v1/xp_profiles?select=%2A&guild_id=eq.1482705779697123378&user_id=eq.818373140576731156 "HTTP/2 200 OK"
2026-03-16 04:33:30 [INFO    ] httpx: HTTP Request: PATCH https://tadbbmsotttrpoyzwgrx.supabase.co/rest/v1/xp_profiles?guild_id=eq.1482705779697123378&user_id=eq.818373140576731156 "HTTP/2 200 OK"
2026-03-16 04:33:30 [INFO    ] httpx: HTTP Request: GET https://tadbbmsotttrpoyzwgrx.supabase.co/rest/v1/user_badges?select=badge_key&guild_id=eq.1482705779697123378&user_id=eq.818373140576731156 "HTTP/2 200 OK"
2026-03-16 04:33:34 [INFO    ] httpx: HTTP Request: GET https://tadbbmsotttrpoyzwgrx.supabase.co/rest/v1/xp_settings?select=%2A&guild_id=eq.1482705779697123378 "HTTP/2 200 OK"
2026-03-16 04:33:34 [INFO    ] httpx: HTTP Request: GET https://tadbbmsotttrpoyzwgrx.supabase.co/rest/v1/xp_profiles?select=last_xp_at&guild_id=eq.1482705779697123378&user_id=eq.818373140576731156 "HTTP/2 200 OK"
2026-03-23 09:43:18 [WARNING ] discord.client: PyNaCl is not installed, voice will NOT be supported
2026-03-23 09:43:18 [WARNING ] discord.client: davey is not installed, voice will NOT be supported
2026-03-23 09:43:18 [INFO    ] discord.client: logging in using static token
2026-03-23 09:43:19 [INFO    ] db.client: Supabase client initialised.
2026-03-23 09:43:21 [INFO    ] cogs.ai: Gemini AI client successfully initialized.
2026-03-23 09:43:21 [INFO    ] bot: Loaded cog: cogs.ai
2026-03-23 09:43:21 [INFO    ] bot: Loaded cog: cogs.general
2026-03-23 09:43:21 [INFO    ] bot: Loaded cog: cogs.levels
2026-03-23 09:43:21 [INFO    ] bot: Loaded cog: cogs.moderation
2026-03-23 09:43:21 [INFO    ] bot: Loaded cog: cogs.xp
2026-03-23 09:43:21 [INFO    ] bot: Slash commands synced.
2026-03-23 09:43:22 [INFO    ] bot: Admin web panel running on port 8080 (http://0.0.0.0:8080/)
2026-03-23 09:43:22 [INFO    ] discord.gateway: Shard ID None has connected to Gateway (Session ID: b06b3cc166977015c90a523f2b2e26c0).
2026-03-23 09:43:24 [INFO    ] bot: Logged in as Catalog#0564 (ID: 1482728261422157865)
2026-03-23 09:43:26 [INFO    ] httpx: HTTP Request: GET https://tadbbmsotttrpoyzwgrx.supabase.co/rest/v1/rank_tiers?select=level_min&guild_id=eq.1482705779697123378&limit=1 "HTTP/2 200 OK"
2026-03-23 09:43:37 [INFO    ] aiohttp.access: 127.0.0.1 [23/Mar/2026:09:43:37 +0300] "GET / HTTP/1.1" 401 228 "-" "Mozilla/5.0 (Windows NT 10.0; Win64; x64) AppleWebKit/537.36 (KHTML, like Gecko) Chrome/146.0.0.0 Safari/537.36"
2026-03-23 09:43:39 [INFO    ] aiohttp.access: 127.0.0.1 [23/Mar/2026:09:43:39 +0300] "GET / HTTP/1.1" 401 228 "-" "Mozilla/5.0 (Windows NT 10.0; Win64; x64) AppleWebKit/537.36 (KHTML, like Gecko) Chrome/146.0.0.0 Safari/537.36"
2026-03-23 09:43:41 [INFO    ] aiohttp.access: 127.0.0.1 [23/Mar/2026:09:43:41 +0300] "GET / HTTP/1.1" 401 228 "-" "Mozilla/5.0 (Windows NT 10.0; Win64; x64) AppleWebKit/537.36 (KHTML, like Gecko) Chrome/146.0.0.0 Safari/537.36"
2026-03-23 09:43:42 [INFO    ] aiohttp.access: 127.0.0.1 [23/Mar/2026:09:43:42 +0300] "GET / HTTP/1.1" 401 228 "-" "Mozilla/5.0 (Windows NT 10.0; Win64; x64) AppleWebKit/537.36 (KHTML, like Gecko) Chrome/146.0.0.0 Safari/537.36"
2026-03-23 09:43:43 [INFO    ] aiohttp.access: 127.0.0.1 [23/Mar/2026:09:43:43 +0300] "GET / HTTP/1.1" 401 228 "-" "Mozilla/5.0 (Windows NT 10.0; Win64; x64) AppleWebKit/537.36 (KHTML, like Gecko) Chrome/146.0.0.0 Safari/537.36"
2026-03-23 09:44:13 [INFO    ] httpx: HTTP Request: GET https://tadbbmsotttrpoyzwgrx.supabase.co/rest/v1/xp_settings?select=%2A&guild_id=eq.1482705779697123378 "HTTP/2 200 OK"
2026-03-23 09:44:13 [INFO    ] httpx: HTTP Request: GET https://tadbbmsotttrpoyzwgrx.supabase.co/rest/v1/xp_profiles?select=last_xp_at&guild_id=eq.1482705779697123378&user_id=eq.812169085772890152 "HTTP/2 200 OK"
2026-03-23 09:44:13 [INFO    ] httpx: HTTP Request: GET https://tadbbmsotttrpoyzwgrx.supabase.co/rest/v1/xp_profiles?select=%2A&guild_id=eq.1482705779697123378&user_id=eq.812169085772890152 "HTTP/2 200 OK"
2026-03-23 09:44:14 [INFO    ] httpx: HTTP Request: PATCH https://tadbbmsotttrpoyzwgrx.supabase.co/rest/v1/xp_profiles?guild_id=eq.1482705779697123378&user_id=eq.812169085772890152 "HTTP/2 200 OK"
2026-03-23 09:44:14 [INFO    ] httpx: HTTP Request: GET https://tadbbmsotttrpoyzwgrx.supabase.co/rest/v1/user_badges?select=badge_key&guild_id=eq.1482705779697123378&user_id=eq.812169085772890152 "HTTP/2 200 OK"
2026-03-23 09:44:14 [INFO    ] google_genai.models: AFC is enabled with max remote calls: 10.
2026-03-23 09:44:16 [INFO    ] httpx: HTTP Request: POST https://generativelanguage.googleapis.com/v1beta/models/gemini-3.1-flash-lite-preview:generateContent "HTTP/1.1 200 OK"
2026-03-23 09:44:33 [INFO    ] httpx: HTTP Request: GET https://tadbbmsotttrpoyzwgrx.supabase.co/rest/v1/xp_settings?select=%2A&guild_id=eq.1482705779697123378 "HTTP/2 200 OK"
2026-03-23 09:44:33 [INFO    ] httpx: HTTP Request: GET https://tadbbmsotttrpoyzwgrx.supabase.co/rest/v1/xp_profiles?select=last_xp_at&guild_id=eq.1482705779697123378&user_id=eq.812169085772890152 "HTTP/2 200 OK"
2026-03-23 09:44:33 [INFO    ] google_genai.models: AFC is enabled with max remote calls: 10.
2026-03-23 09:44:34 [INFO    ] httpx: HTTP Request: POST https://generativelanguage.googleapis.com/v1beta/models/gemini-3.0-flash-preview:generateContent "HTTP/1.1 404 Not Found"
2026-03-23 09:44:34 [WARNING ] cogs.ai: Memory summarize error: 404 NOT_FOUND. {'error': {'code': 404, 'message': 'models/gemini-3.0-flash-preview is not found for API version v1beta, or is not supported for generateContent. Call ListModels to see the list of available models and their supported methods.', 'status': 'NOT_FOUND'}}
2026-03-23 09:44:34 [INFO    ] google_genai.models: AFC is enabled with max remote calls: 10.
2026-03-23 09:44:34 [INFO    ] httpx: HTTP Request: POST https://generativelanguage.googleapis.com/v1beta/models/gemini-3.1-flash-lite-preview:generateContent "HTTP/1.1 429 Too Many Requests"
2026-03-23 09:44:34 [ERROR   ] cogs.ai: Error generating Gemini response: 429 RESOURCE_EXHAUSTED. {'error': {'code': 429, 'message': 'You exceeded your current quota, please check your plan and billing details. For more information on this error, head to: https://ai.google.dev/gemini-api/docs/rate-limits. To monitor your current usage, head to: https://ai.dev/rate-limit. ', 'status': 'RESOURCE_EXHAUSTED', 'details': [{'@type': 'type.googleapis.com/google.rpc.Help', 'links': [{'description': 'Learn more about Gemini API quotas', 'url': 'https://ai.google.dev/gemini-api/docs/rate-limits'}]}]}}
2026-03-23 09:45:03 [INFO    ] httpx: HTTP Request: GET https://tadbbmsotttrpoyzwgrx.supabase.co/rest/v1/xp_settings?select=%2A&guild_id=eq.1482705779697123378 "HTTP/2 200 OK"
2026-03-23 09:45:03 [INFO    ] httpx: HTTP Request: GET https://tadbbmsotttrpoyzwgrx.supabase.co/rest/v1/xp_profiles?select=last_xp_at&guild_id=eq.1482705779697123378&user_id=eq.812169085772890152 "HTTP/2 200 OK"
2026-03-23 09:45:03 [INFO    ] google_genai.models: AFC is enabled with max remote calls: 10.
2026-03-23 09:45:03 [INFO    ] httpx: HTTP Request: POST https://generativelanguage.googleapis.com/v1beta/models/gemini-3.0-flash-preview:generateContent "HTTP/1.1 404 Not Found"
2026-03-23 09:45:03 [WARNING ] cogs.ai: Memory summarize error: 404 NOT_FOUND. {'error': {'code': 404, 'message': 'models/gemini-3.0-flash-preview is not found for API version v1beta, or is not supported for generateContent. Call ListModels to see the list of available models and their supported methods.', 'status': 'NOT_FOUND'}}
2026-03-23 09:45:04 [INFO    ] google_genai.models: AFC is enabled with max remote calls: 10.
2026-03-23 09:45:05 [INFO    ] httpx: HTTP Request: POST https://generativelanguage.googleapis.com/v1beta/models/gemini-3.1-flash-lite-preview:generateContent "HTTP/1.1 200 OK"
2026-03-23 09:45:16 [INFO    ] aiohttp.access: 127.0.0.1 [23/Mar/2026:09:45:16 +0300] "GET / HTTP/1.1" 401 228 "-" "Mozilla/5.0 (Windows NT 10.0; Win64; x64) AppleWebKit/537.36 (KHTML, like Gecko) Chrome/146.0.0.0 Safari/537.36"
2026-03-23 09:45:16 [INFO    ] aiohttp.access: 127.0.0.1 [23/Mar/2026:09:45:16 +0300] "GET /favicon.ico HTTP/1.1" 401 228 "http://localhost:8080/" "Mozilla/5.0 (Windows NT 10.0; Win64; x64) AppleWebKit/537.36 (KHTML, like Gecko) Chrome/146.0.0.0 Safari/537.36"
2026-03-23 09:50:49 [WARNING ] discord.client: PyNaCl is not installed, voice will NOT be supported
2026-03-23 09:50:49 [WARNING ] discord.client: davey is not installed, voice will NOT be supported
2026-03-23 09:50:49 [INFO    ] discord.client: logging in using static token
2026-03-23 09:50:50 [INFO    ] db.client: Supabase client initialised.
2026-03-23 09:50:52 [INFO    ] cogs.ai: Gemini AI client successfully initialized.
2026-03-23 09:50:52 [INFO    ] bot: Loaded cog: cogs.ai
2026-03-23 09:50:52 [INFO    ] bot: Loaded cog: cogs.general
2026-03-23 09:50:52 [INFO    ] bot: Loaded cog: cogs.levels
2026-03-23 09:50:52 [INFO    ] bot: Loaded cog: cogs.moderation
2026-03-23 09:50:52 [INFO    ] bot: Loaded cog: cogs.xp
2026-03-23 09:50:52 [INFO    ] bot: Slash commands synced.
2026-03-23 09:50:53 [INFO    ] bot: Admin web panel running on port 8080 (http://0.0.0.0:8080/)
2026-03-23 09:50:53 [INFO    ] discord.gateway: Shard ID None has connected to Gateway (Session ID: 6c8adb400f24175f78987c10fc63a910).
2026-03-23 09:50:55 [INFO    ] bot: Logged in as Catalog#0564 (ID: 1482728261422157865)
2026-03-23 09:50:56 [INFO    ] httpx: HTTP Request: GET https://tadbbmsotttrpoyzwgrx.supabase.co/rest/v1/rank_tiers?select=level_min&guild_id=eq.1482705779697123378&limit=1 "HTTP/2 200 OK"
2026-03-23 09:50:58 [INFO    ] aiohttp.access: 127.0.0.1 [23/Mar/2026:09:50:58 +0300] "GET / HTTP/1.1" 401 228 "-" "Mozilla/5.0 (Windows NT 10.0; Win64; x64) AppleWebKit/537.36 (KHTML, like Gecko) Chrome/146.0.0.0 Safari/537.36"
2026-03-23 09:51:01 [INFO    ] aiohttp.access: 127.0.0.1 [23/Mar/2026:09:51:01 +0300] "GET / HTTP/1.1" 200 4455 "-" "Mozilla/5.0 (Windows NT 10.0; Win64; x64) AppleWebKit/537.36 (KHTML, like Gecko) Chrome/146.0.0.0 Safari/537.36"
2026-03-23 09:51:01 [INFO    ] aiohttp.access: 127.0.0.1 [23/Mar/2026:09:51:01 +0300] "GET /favicon.ico HTTP/1.1" 404 174 "http://localhost:8080/" "Mozilla/5.0 (Windows NT 10.0; Win64; x64) AppleWebKit/537.36 (KHTML, like Gecko) Chrome/146.0.0.0 Safari/537.36"
2026-03-23 09:51:25 [INFO    ] httpx: HTTP Request: GET https://tadbbmsotttrpoyzwgrx.supabase.co/rest/v1/xp_settings?select=%2A&guild_id=eq.1482705779697123378 "HTTP/2 200 OK"
2026-03-23 09:51:26 [INFO    ] httpx: HTTP Request: GET https://tadbbmsotttrpoyzwgrx.supabase.co/rest/v1/xp_profiles?select=last_xp_at&guild_id=eq.1482705779697123378&user_id=eq.812169085772890152 "HTTP/2 200 OK"
2026-03-23 09:51:26 [INFO    ] httpx: HTTP Request: GET https://tadbbmsotttrpoyzwgrx.supabase.co/rest/v1/xp_profiles?select=%2A&guild_id=eq.1482705779697123378&user_id=eq.812169085772890152 "HTTP/2 200 OK"
2026-03-23 09:51:26 [INFO    ] httpx: HTTP Request: PATCH https://tadbbmsotttrpoyzwgrx.supabase.co/rest/v1/xp_profiles?guild_id=eq.1482705779697123378&user_id=eq.812169085772890152 "HTTP/2 200 OK"
2026-03-23 09:51:26 [INFO    ] httpx: HTTP Request: GET https://tadbbmsotttrpoyzwgrx.supabase.co/rest/v1/user_badges?select=badge_key&guild_id=eq.1482705779697123378&user_id=eq.812169085772890152 "HTTP/2 200 OK"
2026-03-23 09:51:30 [INFO    ] httpx: HTTP Request: GET https://tadbbmsotttrpoyzwgrx.supabase.co/rest/v1/xp_settings?select=%2A&guild_id=eq.1482705779697123378 "HTTP/2 200 OK"
2026-03-23 09:51:30 [INFO    ] httpx: HTTP Request: GET https://tadbbmsotttrpoyzwgrx.supabase.co/rest/v1/xp_profiles?select=last_xp_at&guild_id=eq.1482705779697123378&user_id=eq.812169085772890152 "HTTP/2 200 OK"
2026-03-23 09:51:30 [INFO    ] google_genai.models: AFC is enabled with max remote calls: 10.
2026-03-23 09:51:30 [INFO    ] httpx: HTTP Request: POST https://generativelanguage.googleapis.com/v1beta/models/gemini-3.0-flash-preview:generateContent "HTTP/1.1 404 Not Found"
2026-03-23 09:51:30 [WARNING ] cogs.ai: Memory summarize error: 404 NOT_FOUND. {'error': {'code': 404, 'message': 'models/gemini-3.0-flash-preview is not found for API version v1beta, or is not supported for generateContent. Call ListModels to see the list of available models and their supported methods.', 'status': 'NOT_FOUND'}}
2026-03-23 09:51:30 [INFO    ] google_genai.models: AFC is enabled with max remote calls: 10.
2026-03-23 09:51:31 [INFO    ] httpx: HTTP Request: POST https://generativelanguage.googleapis.com/v1beta/models/gemini-3.0-flash-preview:generateContent "HTTP/1.1 404 Not Found"
2026-03-23 09:51:31 [WARNING ] cogs.ai: Memory summarize error: 404 NOT_FOUND. {'error': {'code': 404, 'message': 'models/gemini-3.0-flash-preview is not found for API version v1beta, or is not supported for generateContent. Call ListModels to see the list of available models and their supported methods.', 'status': 'NOT_FOUND'}}
2026-03-23 09:51:31 [INFO    ] google_genai.models: AFC is enabled with max remote calls: 10.
2026-03-23 09:51:33 [INFO    ] httpx: HTTP Request: POST https://generativelanguage.googleapis.com/v1beta/models/gemini-3.1-flash-lite-preview:generateContent "HTTP/1.1 200 OK"
2026-03-23 09:51:47 [INFO    ] aiohttp.access: 127.0.0.1 [23/Mar/2026:09:51:47 +0300] "GET / HTTP/1.1" 200 4455 "-" "Mozilla/5.0 (Windows NT 10.0; Win64; x64) AppleWebKit/537.36 (KHTML, like Gecko) Chrome/146.0.0.0 Safari/537.36"
2026-03-23 09:53:51 [INFO    ] httpx: HTTP Request: GET https://tadbbmsotttrpoyzwgrx.supabase.co/rest/v1/xp_settings?select=%2A&guild_id=eq.1482705779697123378 "HTTP/2 200 OK"
2026-03-23 09:53:51 [INFO    ] httpx: HTTP Request: GET https://tadbbmsotttrpoyzwgrx.supabase.co/rest/v1/xp_profiles?select=last_xp_at&guild_id=eq.1482705779697123378&user_id=eq.812169085772890152 "HTTP/2 200 OK"
2026-03-23 09:53:51 [INFO    ] httpx: HTTP Request: GET https://tadbbmsotttrpoyzwgrx.supabase.co/rest/v1/xp_profiles?select=%2A&guild_id=eq.1482705779697123378&user_id=eq.812169085772890152 "HTTP/2 200 OK"
2026-03-23 09:53:51 [INFO    ] httpx: HTTP Request: PATCH https://tadbbmsotttrpoyzwgrx.supabase.co/rest/v1/xp_profiles?guild_id=eq.1482705779697123378&user_id=eq.812169085772890152 "HTTP/2 200 OK"
2026-03-23 09:53:51 [INFO    ] httpx: HTTP Request: GET https://tadbbmsotttrpoyzwgrx.supabase.co/rest/v1/user_badges?select=badge_key&guild_id=eq.1482705779697123378&user_id=eq.812169085772890152 "HTTP/2 200 OK"
2026-03-23 10:03:53 [WARNING ] discord.client: PyNaCl is not installed, voice will NOT be supported
2026-03-23 10:03:53 [WARNING ] discord.client: davey is not installed, voice will NOT be supported
2026-03-23 10:03:53 [INFO    ] discord.client: logging in using static token
2026-03-23 10:03:54 [INFO    ] db.client: Supabase client initialised.
2026-03-23 10:03:56 [INFO    ] cogs.ai: Gemini AI client successfully initialized.
2026-03-23 10:03:56 [INFO    ] bot: Loaded cog: cogs.ai
2026-03-23 10:03:56 [INFO    ] bot: Loaded cog: cogs.general
2026-03-23 10:03:56 [INFO    ] bot: Loaded cog: cogs.levels
2026-03-23 10:03:56 [INFO    ] bot: Loaded cog: cogs.moderation
2026-03-23 10:03:56 [INFO    ] bot: Loaded cog: cogs.xp
2026-03-23 10:03:56 [INFO    ] bot: Slash commands synced.
2026-03-23 10:03:57 [ERROR   ] bot: Failed to start admin web panel: name 'logging' is not defined
2026-03-23 10:03:57 [INFO    ] discord.gateway: Shard ID None has connected to Gateway (Session ID: c197b1372dc037b14741eb0d76eec64a).
2026-03-23 10:03:59 [INFO    ] bot: Logged in as Catalog#0564 (ID: 1482728261422157865)
2026-03-23 10:04:00 [INFO    ] httpx: HTTP Request: GET https://tadbbmsotttrpoyzwgrx.supabase.co/rest/v1/rank_tiers?select=level_min&guild_id=eq.1482705779697123378&limit=1 "HTTP/2 200 OK"
2026-03-23 10:05:24 [WARNING ] discord.client: PyNaCl is not installed, voice will NOT be supported
2026-03-23 10:05:24 [WARNING ] discord.client: davey is not installed, voice will NOT be supported
2026-03-23 10:05:24 [INFO    ] discord.client: logging in using static token
2026-03-23 10:05:25 [INFO    ] db.client: Supabase client initialised.
2026-03-23 10:05:27 [INFO    ] cogs.ai: Gemini AI client successfully initialized.
2026-03-23 10:05:27 [INFO    ] bot: Loaded cog: cogs.ai
2026-03-23 10:05:27 [INFO    ] bot: Loaded cog: cogs.general
2026-03-23 10:05:27 [INFO    ] bot: Loaded cog: cogs.levels
2026-03-23 10:05:27 [INFO    ] bot: Loaded cog: cogs.moderation
2026-03-23 10:05:27 [INFO    ] bot: Loaded cog: cogs.xp
2026-03-23 10:05:28 [INFO    ] bot: Slash commands synced.
2026-03-23 10:05:28 [INFO    ] bot: Admin web panel running on port 8080 (http://0.0.0.0:8080/)
2026-03-23 10:05:29 [INFO    ] discord.gateway: Shard ID None has connected to Gateway (Session ID: 508a1d63c054a97e7f5a2d4ff8a4fcca).
2026-03-23 10:05:29 [INFO    ] aiohttp.access: 127.0.0.1 [23/Mar/2026:10:05:29 +0300] "GET / HTTP/1.1" 200 5180 "-" "Mozilla/5.0 (Windows NT 10.0; Win64; x64) AppleWebKit/537.36 (KHTML, like Gecko) Chrome/146.0.0.0 Safari/537.36"
2026-03-23 10:05:31 [INFO    ] bot: Logged in as Catalog#0564 (ID: 1482728261422157865)
2026-03-23 10:05:31 [INFO    ] httpx: HTTP Request: GET https://tadbbmsotttrpoyzwgrx.supabase.co/rest/v1/rank_tiers?select=level_min&guild_id=eq.1482705779697123378&limit=1 "HTTP/2 200 OK"
2026-03-23 10:06:07 [INFO    ] httpx: HTTP Request: GET https://tadbbmsotttrpoyzwgrx.supabase.co/rest/v1/xp_settings?select=%2A&guild_id=eq.1482705779697123378 "HTTP/2 200 OK"
2026-03-23 10:06:07 [INFO    ] httpx: HTTP Request: GET https://tadbbmsotttrpoyzwgrx.supabase.co/rest/v1/xp_profiles?select=last_xp_at&guild_id=eq.1482705779697123378&user_id=eq.812169085772890152 "HTTP/2 200 OK"
2026-03-23 10:06:07 [INFO    ] httpx: HTTP Request: GET https://tadbbmsotttrpoyzwgrx.supabase.co/rest/v1/xp_profiles?select=%2A&guild_id=eq.1482705779697123378&user_id=eq.812169085772890152 "HTTP/2 200 OK"
2026-03-23 10:06:08 [INFO    ] httpx: HTTP Request: PATCH https://tadbbmsotttrpoyzwgrx.supabase.co/rest/v1/xp_profiles?guild_id=eq.1482705779697123378&user_id=eq.812169085772890152 "HTTP/2 200 OK"
2026-03-23 10:06:08 [INFO    ] httpx: HTTP Request: GET https://tadbbmsotttrpoyzwgrx.supabase.co/rest/v1/user_badges?select=badge_key&guild_id=eq.1482705779697123378&user_id=eq.812169085772890152 "HTTP/2 200 OK"
2026-03-23 10:06:08 [ERROR   ] discord.client: Ignoring exception in on_message
Traceback (most recent call last):
  File "C:\Users\magdi\AppData\Local\Programs\Python\Python313\Lib\site-packages\discord\client.py", line 508, in _run_event
    await coro(*args, **kwargs)
  File "C:\Users\magdi\Documents\Coding projects\aitesting\catalog-bot\catalog-bot\cogs\xp.py", line 384, in on_message
    await self._award_xp(message, message.author, amount, is_voice=False)
  File "C:\Users\magdi\Documents\Coding projects\aitesting\catalog-bot\catalog-bot\cogs\xp.py", line 174, in _award_xp
    await self._check_badges(member, update_data)
  File "C:\Users\magdi\Documents\Coding projects\aitesting\catalog-bot\catalog-bot\cogs\xp.py", line 321, in _check_badges
    if roles_to_add:
       ^^^^^^^^^^^^
UnboundLocalError: cannot access local variable 'roles_to_add' where it is not associated with a value
2026-03-23 10:06:08 [INFO    ] google_genai.models: AFC is enabled with max remote calls: 10.
2026-03-23 10:06:08 [INFO    ] httpx: HTTP Request: POST https://generativelanguage.googleapis.com/v1beta/models/gemini-3.0-flash-preview:generateContent "HTTP/1.1 404 Not Found"
2026-03-23 10:06:08 [WARNING ] cogs.ai: Memory summarize error: 404 NOT_FOUND. {'error': {'code': 404, 'message': 'models/gemini-3.0-flash-preview is not found for API version v1beta, or is not supported for generateContent. Call ListModels to see the list of available models and their supported methods.', 'status': 'NOT_FOUND'}}
2026-03-23 10:06:08 [INFO    ] google_genai.models: AFC is enabled with max remote calls: 10.
2026-03-23 10:06:09 [INFO    ] httpx: HTTP Request: POST https://generativelanguage.googleapis.com/v1beta/models/gemini-3.0-flash-preview:generateContent "HTTP/1.1 404 Not Found"
2026-03-23 10:06:09 [WARNING ] cogs.ai: Memory summarize error: 404 NOT_FOUND. {'error': {'code': 404, 'message': 'models/gemini-3.0-flash-preview is not found for API version v1beta, or is not supported for generateContent. Call ListModels to see the list of available models and their supported methods.', 'status': 'NOT_FOUND'}}
2026-03-23 10:06:09 [INFO    ] google_genai.models: AFC is enabled with max remote calls: 10.
2026-03-23 10:06:11 [INFO    ] httpx: HTTP Request: POST https://generativelanguage.googleapis.com/v1beta/models/gemini-3.1-flash-lite-preview:generateContent "HTTP/1.1 200 OK"
2026-03-23 10:06:12 [INFO    ] httpx: HTTP Request: GET https://tadbbmsotttrpoyzwgrx.supabase.co/rest/v1/ai_interactions?select=interaction_count&guild_id=eq.1482705779697123378&user_id=eq.812169085772890152 "HTTP/2 200 OK"
2026-03-23 10:06:12 [INFO    ] httpx: HTTP Request: POST https://tadbbmsotttrpoyzwgrx.supabase.co/rest/v1/ai_interactions "HTTP/2 201 Created"
2026-03-23 10:06:29 [INFO    ] httpx: HTTP Request: GET https://tadbbmsotttrpoyzwgrx.supabase.co/rest/v1/xp_settings?select=%2A&guild_id=eq.1482705779697123378 "HTTP/2 200 OK"
2026-03-23 10:06:30 [INFO    ] httpx: HTTP Request: GET https://tadbbmsotttrpoyzwgrx.supabase.co/rest/v1/xp_profiles?select=last_xp_at&guild_id=eq.1482705779697123378&user_id=eq.812169085772890152 "HTTP/2 200 OK"
2026-03-23 10:06:30 [INFO    ] google_genai.models: AFC is enabled with max remote calls: 10.
2026-03-23 10:06:30 [INFO    ] httpx: HTTP Request: POST https://generativelanguage.googleapis.com/v1beta/models/gemini-3.0-flash-preview:generateContent "HTTP/1.1 404 Not Found"
2026-03-23 10:06:30 [WARNING ] cogs.ai: Memory summarize error: 404 NOT_FOUND. {'error': {'code': 404, 'message': 'models/gemini-3.0-flash-preview is not found for API version v1beta, or is not supported for generateContent. Call ListModels to see the list of available models and their supported methods.', 'status': 'NOT_FOUND'}}
2026-03-23 10:06:30 [INFO    ] google_genai.models: AFC is enabled with max remote calls: 10.
2026-03-23 10:06:30 [INFO    ] httpx: HTTP Request: POST https://generativelanguage.googleapis.com/v1beta/models/gemini-3.0-flash-preview:generateContent "HTTP/1.1 404 Not Found"
2026-03-23 10:06:30 [WARNING ] cogs.ai: Memory summarize error: 404 NOT_FOUND. {'error': {'code': 404, 'message': 'models/gemini-3.0-flash-preview is not found for API version v1beta, or is not supported for generateContent. Call ListModels to see the list of available models and their supported methods.', 'status': 'NOT_FOUND'}}
2026-03-23 10:06:30 [INFO    ] google_genai.models: AFC is enabled with max remote calls: 10.
2026-03-23 10:06:30 [INFO    ] httpx: HTTP Request: POST https://generativelanguage.googleapis.com/v1beta/models/gemini-3.0-flash-preview:generateContent "HTTP/1.1 404 Not Found"
2026-03-23 10:06:30 [WARNING ] cogs.ai: Memory summarize error: 404 NOT_FOUND. {'error': {'code': 404, 'message': 'models/gemini-3.0-flash-preview is not found for API version v1beta, or is not supported for generateContent. Call ListModels to see the list of available models and their supported methods.', 'status': 'NOT_FOUND'}}
2026-03-23 10:06:31 [INFO    ] google_genai.models: AFC is enabled with max remote calls: 10.
2026-03-23 10:06:50 [INFO    ] httpx: HTTP Request: POST https://generativelanguage.googleapis.com/v1beta/models/gemini-3.1-flash-lite-preview:generateContent "HTTP/1.1 200 OK"
2026-03-23 10:06:50 [INFO    ] httpx: HTTP Request: GET https://tadbbmsotttrpoyzwgrx.supabase.co/rest/v1/ai_interactions?select=interaction_count&guild_id=eq.1482705779697123378&user_id=eq.812169085772890152 "HTTP/2 200 OK"
2026-03-23 10:06:50 [INFO    ] httpx: HTTP Request: PATCH https://tadbbmsotttrpoyzwgrx.supabase.co/rest/v1/ai_interactions?guild_id=eq.1482705779697123378&user_id=eq.812169085772890152 "HTTP/2 200 OK"
2026-03-23 10:08:06 [INFO    ] httpx: HTTP Request: GET https://tadbbmsotttrpoyzwgrx.supabase.co/rest/v1/xp_settings?select=%2A&guild_id=eq.1482705779697123378 "HTTP/2 200 OK"
2026-03-23 10:08:06 [INFO    ] httpx: HTTP Request: GET https://tadbbmsotttrpoyzwgrx.supabase.co/rest/v1/xp_profiles?select=last_xp_at&guild_id=eq.1482705779697123378&user_id=eq.812169085772890152 "HTTP/2 200 OK"
2026-03-23 10:08:06 [INFO    ] httpx: HTTP Request: GET https://tadbbmsotttrpoyzwgrx.supabase.co/rest/v1/xp_profiles?select=%2A&guild_id=eq.1482705779697123378&user_id=eq.812169085772890152 "HTTP/2 200 OK"
2026-03-23 10:08:06 [INFO    ] httpx: HTTP Request: PATCH https://tadbbmsotttrpoyzwgrx.supabase.co/rest/v1/xp_profiles?guild_id=eq.1482705779697123378&user_id=eq.812169085772890152 "HTTP/2 200 OK"
2026-03-23 10:08:07 [INFO    ] httpx: HTTP Request: GET https://tadbbmsotttrpoyzwgrx.supabase.co/rest/v1/user_badges?select=badge_key&guild_id=eq.1482705779697123378&user_id=eq.812169085772890152 "HTTP/2 200 OK"
2026-03-23 10:08:07 [ERROR   ] discord.client: Ignoring exception in on_message
Traceback (most recent call last):
  File "C:\Users\magdi\AppData\Local\Programs\Python\Python313\Lib\site-packages\discord\client.py", line 508, in _run_event
    await coro(*args, **kwargs)
  File "C:\Users\magdi\Documents\Coding projects\aitesting\catalog-bot\catalog-bot\cogs\xp.py", line 384, in on_message
    await self._award_xp(message, message.author, amount, is_voice=False)
  File "C:\Users\magdi\Documents\Coding projects\aitesting\catalog-bot\catalog-bot\cogs\xp.py", line 174, in _award_xp
    await self._check_badges(member, update_data)
  File "C:\Users\magdi\Documents\Coding projects\aitesting\catalog-bot\catalog-bot\cogs\xp.py", line 321, in _check_badges
    if roles_to_add:
       ^^^^^^^^^^^^
UnboundLocalError: cannot access local variable 'roles_to_add' where it is not associated with a value
2026-03-23 10:08:07 [INFO    ] google_genai.models: AFC is enabled with max remote calls: 10.
2026-03-23 10:08:07 [INFO    ] httpx: HTTP Request: POST https://generativelanguage.googleapis.com/v1beta/models/gemini-3.0-flash-preview:generateContent "HTTP/1.1 404 Not Found"
2026-03-23 10:08:07 [WARNING ] cogs.ai: Memory summarize error: 404 NOT_FOUND. {'error': {'code': 404, 'message': 'models/gemini-3.0-flash-preview is not found for API version v1beta, or is not supported for generateContent. Call ListModels to see the list of available models and their supported methods.', 'status': 'NOT_FOUND'}}
2026-03-23 10:08:07 [INFO    ] google_genai.models: AFC is enabled with max remote calls: 10.
2026-03-23 10:08:08 [INFO    ] httpx: HTTP Request: POST https://generativelanguage.googleapis.com/v1beta/models/gemini-3.0-flash-preview:generateContent "HTTP/1.1 404 Not Found"
2026-03-23 10:08:08 [WARNING ] cogs.ai: Memory summarize error: 404 NOT_FOUND. {'error': {'code': 404, 'message': 'models/gemini-3.0-flash-preview is not found for API version v1beta, or is not supported for generateContent. Call ListModels to see the list of available models and their supported methods.', 'status': 'NOT_FOUND'}}
2026-03-23 10:08:08 [INFO    ] google_genai.models: AFC is enabled with max remote calls: 10.
2026-03-23 10:08:08 [INFO    ] httpx: HTTP Request: POST https://generativelanguage.googleapis.com/v1beta/models/gemini-3.0-flash-preview:generateContent "HTTP/1.1 404 Not Found"
2026-03-23 10:08:08 [WARNING ] cogs.ai: Memory summarize error: 404 NOT_FOUND. {'error': {'code': 404, 'message': 'models/gemini-3.0-flash-preview is not found for API version v1beta, or is not supported for generateContent. Call ListModels to see the list of available models and their supported methods.', 'status': 'NOT_FOUND'}}
2026-03-23 10:08:09 [INFO    ] primp: response: https://www.bing.com/search?q=search+the+web+to+find+it 200
2026-03-23 10:08:09 [INFO    ] google_genai.models: AFC is enabled with max remote calls: 10.
2026-03-23 10:08:11 [INFO    ] httpx: HTTP Request: POST https://generativelanguage.googleapis.com/v1beta/models/gemini-3.1-flash-lite-preview:generateContent "HTTP/1.1 200 OK"
2026-03-23 10:08:12 [INFO    ] httpx: HTTP Request: GET https://tadbbmsotttrpoyzwgrx.supabase.co/rest/v1/ai_interactions?select=interaction_count&guild_id=eq.1482705779697123378&user_id=eq.812169085772890152 "HTTP/2 200 OK"
2026-03-23 10:08:12 [INFO    ] httpx: HTTP Request: PATCH https://tadbbmsotttrpoyzwgrx.supabase.co/rest/v1/ai_interactions?guild_id=eq.1482705779697123378&user_id=eq.812169085772890152 "HTTP/2 200 OK"
2026-03-23 10:09:05 [INFO    ] httpx: HTTP Request: GET https://tadbbmsotttrpoyzwgrx.supabase.co/rest/v1/xp_settings?select=%2A&guild_id=eq.1482705779697123378 "HTTP/2 200 OK"
2026-03-23 10:09:05 [INFO    ] httpx: HTTP Request: GET https://tadbbmsotttrpoyzwgrx.supabase.co/rest/v1/xp_profiles?select=last_xp_at&guild_id=eq.1482705779697123378&user_id=eq.812169085772890152 "HTTP/2 200 OK"
2026-03-23 10:09:05 [INFO    ] google_genai.models: AFC is enabled with max remote calls: 10.
2026-03-23 10:09:06 [INFO    ] httpx: HTTP Request: POST https://generativelanguage.googleapis.com/v1beta/models/gemini-3.0-flash-preview:generateContent "HTTP/1.1 404 Not Found"
2026-03-23 10:09:06 [WARNING ] cogs.ai: Memory summarize error: 404 NOT_FOUND. {'error': {'code': 404, 'message': 'models/gemini-3.0-flash-preview is not found for API version v1beta, or is not supported for generateContent. Call ListModels to see the list of available models and their supported methods.', 'status': 'NOT_FOUND'}}
2026-03-23 10:09:06 [INFO    ] google_genai.models: AFC is enabled with max remote calls: 10.
2026-03-23 10:09:06 [INFO    ] httpx: HTTP Request: POST https://generativelanguage.googleapis.com/v1beta/models/gemini-3.0-flash-preview:generateContent "HTTP/1.1 404 Not Found"
2026-03-23 10:09:06 [WARNING ] cogs.ai: Memory summarize error: 404 NOT_FOUND. {'error': {'code': 404, 'message': 'models/gemini-3.0-flash-preview is not found for API version v1beta, or is not supported for generateContent. Call ListModels to see the list of available models and their supported methods.', 'status': 'NOT_FOUND'}}
2026-03-23 10:09:06 [INFO    ] google_genai.models: AFC is enabled with max remote calls: 10.
2026-03-23 10:09:06 [INFO    ] httpx: HTTP Request: POST https://generativelanguage.googleapis.com/v1beta/models/gemini-3.0-flash-preview:generateContent "HTTP/1.1 404 Not Found"
2026-03-23 10:09:06 [WARNING ] cogs.ai: Memory summarize error: 404 NOT_FOUND. {'error': {'code': 404, 'message': 'models/gemini-3.0-flash-preview is not found for API version v1beta, or is not supported for generateContent. Call ListModels to see the list of available models and their supported methods.', 'status': 'NOT_FOUND'}}
2026-03-23 10:09:06 [INFO    ] primp: response: https://www.bing.com/search?q=find+on+the+web+what+is+the+best+rated+anime+in+2025 200
2026-03-23 10:09:06 [INFO    ] google_genai.models: AFC is enabled with max remote calls: 10.
2026-03-23 10:09:18 [INFO    ] httpx: HTTP Request: POST https://generativelanguage.googleapis.com/v1beta/models/gemini-3.1-flash-lite-preview:generateContent "HTTP/1.1 200 OK"
2026-03-23 10:09:19 [INFO    ] httpx: HTTP Request: GET https://tadbbmsotttrpoyzwgrx.supabase.co/rest/v1/ai_interactions?select=interaction_count&guild_id=eq.1482705779697123378&user_id=eq.812169085772890152 "HTTP/2 200 OK"
2026-03-23 10:09:19 [INFO    ] httpx: HTTP Request: PATCH https://tadbbmsotttrpoyzwgrx.supabase.co/rest/v1/ai_interactions?guild_id=eq.1482705779697123378&user_id=eq.812169085772890152 "HTTP/2 200 OK"
2026-03-23 10:11:49 [INFO    ] httpx: HTTP Request: GET https://tadbbmsotttrpoyzwgrx.supabase.co/rest/v1/xp_settings?select=%2A&guild_id=eq.1482705779697123378 "HTTP/2 200 OK"
2026-03-23 10:11:49 [INFO    ] httpx: HTTP Request: GET https://tadbbmsotttrpoyzwgrx.supabase.co/rest/v1/xp_profiles?select=last_xp_at&guild_id=eq.1482705779697123378&user_id=eq.812169085772890152 "HTTP/2 200 OK"
2026-03-23 10:11:49 [INFO    ] httpx: HTTP Request: GET https://tadbbmsotttrpoyzwgrx.supabase.co/rest/v1/xp_profiles?select=%2A&guild_id=eq.1482705779697123378&user_id=eq.812169085772890152 "HTTP/2 200 OK"
2026-03-23 10:11:49 [INFO    ] httpx: HTTP Request: PATCH https://tadbbmsotttrpoyzwgrx.supabase.co/rest/v1/xp_profiles?guild_id=eq.1482705779697123378&user_id=eq.812169085772890152 "HTTP/2 200 OK"
2026-03-23 10:11:49 [INFO    ] httpx: HTTP Request: GET https://tadbbmsotttrpoyzwgrx.supabase.co/rest/v1/user_badges?select=badge_key&guild_id=eq.1482705779697123378&user_id=eq.812169085772890152 "HTTP/2 200 OK"
2026-03-23 10:11:49 [ERROR   ] discord.client: Ignoring exception in on_message
Traceback (most recent call last):
  File "C:\Users\magdi\AppData\Local\Programs\Python\Python313\Lib\site-packages\discord\client.py", line 508, in _run_event
    await coro(*args, **kwargs)
  File "C:\Users\magdi\Documents\Coding projects\aitesting\catalog-bot\catalog-bot\cogs\xp.py", line 384, in on_message
    await self._award_xp(message, message.author, amount, is_voice=False)
  File "C:\Users\magdi\Documents\Coding projects\aitesting\catalog-bot\catalog-bot\cogs\xp.py", line 174, in _award_xp
    await self._check_badges(member, update_data)
  File "C:\Users\magdi\Documents\Coding projects\aitesting\catalog-bot\catalog-bot\cogs\xp.py", line 321, in _check_badges
    if roles_to_add:
       ^^^^^^^^^^^^
UnboundLocalError: cannot access local variable 'roles_to_add' where it is not associated with a value
2026-03-23 10:11:50 [INFO    ] google_genai.models: AFC is enabled with max remote calls: 10.
2026-03-23 10:11:50 [INFO    ] httpx: HTTP Request: POST https://generativelanguage.googleapis.com/v1beta/models/gemini-3.0-flash-preview:generateContent "HTTP/1.1 404 Not Found"
2026-03-23 10:11:50 [WARNING ] cogs.ai: Memory summarize error: 404 NOT_FOUND. {'error': {'code': 404, 'message': 'models/gemini-3.0-flash-preview is not found for API version v1beta, or is not supported for generateContent. Call ListModels to see the list of available models and their supported methods.', 'status': 'NOT_FOUND'}}
2026-03-23 10:11:50 [INFO    ] google_genai.models: AFC is enabled with max remote calls: 10.
2026-03-23 10:11:50 [INFO    ] httpx: HTTP Request: POST https://generativelanguage.googleapis.com/v1beta/models/gemini-3.0-flash-preview:generateContent "HTTP/1.1 404 Not Found"
2026-03-23 10:11:50 [WARNING ] cogs.ai: Memory summarize error: 404 NOT_FOUND. {'error': {'code': 404, 'message': 'models/gemini-3.0-flash-preview is not found for API version v1beta, or is not supported for generateContent. Call ListModels to see the list of available models and their supported methods.', 'status': 'NOT_FOUND'}}
2026-03-23 10:11:50 [INFO    ] google_genai.models: AFC is enabled with max remote calls: 10.
2026-03-23 10:11:50 [INFO    ] httpx: HTTP Request: POST https://generativelanguage.googleapis.com/v1beta/models/gemini-3.0-flash-preview:generateContent "HTTP/1.1 404 Not Found"
2026-03-23 10:11:50 [WARNING ] cogs.ai: Memory summarize error: 404 NOT_FOUND. {'error': {'code': 404, 'message': 'models/gemini-3.0-flash-preview is not found for API version v1beta, or is not supported for generateContent. Call ListModels to see the list of available models and their supported methods.', 'status': 'NOT_FOUND'}}
2026-03-23 10:11:51 [INFO    ] primp: response: https://www.bing.com/search?q=do+you+know+how+jotaro+died+in+season+7+of+jojos+bizarre+adventure+based+on+web 200
2026-03-23 10:11:51 [INFO    ] google_genai.models: AFC is enabled with max remote calls: 10.
2026-03-23 10:11:53 [INFO    ] httpx: HTTP Request: POST https://generativelanguage.googleapis.com/v1beta/models/gemini-3.1-flash-lite-preview:generateContent "HTTP/1.1 200 OK"
2026-03-23 10:11:54 [INFO    ] httpx: HTTP Request: GET https://tadbbmsotttrpoyzwgrx.supabase.co/rest/v1/ai_interactions?select=interaction_count&guild_id=eq.1482705779697123378&user_id=eq.812169085772890152 "HTTP/2 200 OK"
2026-03-23 10:11:54 [INFO    ] httpx: HTTP Request: PATCH https://tadbbmsotttrpoyzwgrx.supabase.co/rest/v1/ai_interactions?guild_id=eq.1482705779697123378&user_id=eq.812169085772890152 "HTTP/2 200 OK"
2026-03-23 10:14:30 [WARNING ] discord.client: PyNaCl is not installed, voice will NOT be supported
2026-03-23 10:14:30 [WARNING ] discord.client: davey is not installed, voice will NOT be supported
2026-03-23 10:14:30 [INFO    ] discord.client: logging in using static token
2026-03-23 10:14:31 [INFO    ] db.client: Supabase client initialised.
2026-03-23 10:14:33 [INFO    ] cogs.ai: Gemini AI client successfully initialized.
2026-03-23 10:14:33 [INFO    ] bot: Loaded cog: cogs.ai
2026-03-23 10:14:33 [INFO    ] bot: Loaded cog: cogs.general
2026-03-23 10:14:33 [INFO    ] bot: Loaded cog: cogs.levels
2026-03-23 10:14:33 [INFO    ] bot: Loaded cog: cogs.moderation
2026-03-23 10:14:33 [INFO    ] bot: Loaded cog: cogs.xp
2026-03-23 10:14:34 [INFO    ] bot: Slash commands synced.
2026-03-23 10:14:34 [INFO    ] bot: Admin web panel running on port 8080 (http://0.0.0.0:8080/)
2026-03-23 10:14:34 [INFO    ] discord.gateway: Shard ID None has connected to Gateway (Session ID: b08ba72ee4090183954c3784d296dbff).
2026-03-23 10:14:36 [INFO    ] bot: Logged in as Catalog#0564 (ID: 1482728261422157865)
2026-03-23 10:14:37 [INFO    ] httpx: HTTP Request: GET https://tadbbmsotttrpoyzwgrx.supabase.co/rest/v1/rank_tiers?select=level_min&guild_id=eq.1482705779697123378&limit=1 "HTTP/2 200 OK"
2026-03-23 10:14:37 [INFO    ] httpx: HTTP Request: GET https://tadbbmsotttrpoyzwgrx.supabase.co/rest/v1/xp_settings?select=%2A&guild_id=eq.1482705779697123378 "HTTP/2 200 OK"
2026-03-23 10:14:38 [INFO    ] httpx: HTTP Request: GET https://tadbbmsotttrpoyzwgrx.supabase.co/rest/v1/xp_profiles?select=last_xp_at&guild_id=eq.1482705779697123378&user_id=eq.812169085772890152 "HTTP/2 200 OK"
2026-03-23 10:14:38 [INFO    ] httpx: HTTP Request: GET https://tadbbmsotttrpoyzwgrx.supabase.co/rest/v1/xp_profiles?select=%2A&guild_id=eq.1482705779697123378&user_id=eq.812169085772890152 "HTTP/2 200 OK"
2026-03-23 10:14:38 [INFO    ] httpx: HTTP Request: PATCH https://tadbbmsotttrpoyzwgrx.supabase.co/rest/v1/xp_profiles?guild_id=eq.1482705779697123378&user_id=eq.812169085772890152 "HTTP/2 200 OK"
2026-03-23 10:14:38 [INFO    ] httpx: HTTP Request: GET https://tadbbmsotttrpoyzwgrx.supabase.co/rest/v1/user_badges?select=badge_key&guild_id=eq.1482705779697123378&user_id=eq.812169085772890152 "HTTP/2 200 OK"
2026-03-23 10:14:38 [ERROR   ] discord.client: Ignoring exception in on_message
Traceback (most recent call last):
  File "C:\Users\magdi\AppData\Local\Programs\Python\Python313\Lib\site-packages\discord\client.py", line 508, in _run_event
    await coro(*args, **kwargs)
  File "C:\Users\magdi\Documents\Coding projects\aitesting\catalog-bot\catalog-bot\cogs\xp.py", line 384, in on_message
    await self._award_xp(message, message.author, amount, is_voice=False)
  File "C:\Users\magdi\Documents\Coding projects\aitesting\catalog-bot\catalog-bot\cogs\xp.py", line 174, in _award_xp
    await self._check_badges(member, update_data)
  File "C:\Users\magdi\Documents\Coding projects\aitesting\catalog-bot\catalog-bot\cogs\xp.py", line 321, in _check_badges
    if roles_to_add:
       ^^^^^^^^^^^^
UnboundLocalError: cannot access local variable 'roles_to_add' where it is not associated with a value
2026-03-23 10:14:43 [INFO    ] httpx: HTTP Request: GET https://tadbbmsotttrpoyzwgrx.supabase.co/rest/v1/xp_settings?select=%2A&guild_id=eq.1482705779697123378 "HTTP/2 200 OK"
2026-03-23 10:14:43 [INFO    ] httpx: HTTP Request: GET https://tadbbmsotttrpoyzwgrx.supabase.co/rest/v1/xp_profiles?select=last_xp_at&guild_id=eq.1482705779697123378&user_id=eq.812169085772890152 "HTTP/2 200 OK"
2026-03-23 10:15:01 [INFO    ] httpx: HTTP Request: GET https://tadbbmsotttrpoyzwgrx.supabase.co/rest/v1/xp_settings?select=%2A&guild_id=eq.1482705779697123378 "HTTP/2 200 OK"
2026-03-23 10:15:01 [INFO    ] httpx: HTTP Request: GET https://tadbbmsotttrpoyzwgrx.supabase.co/rest/v1/xp_profiles?select=last_xp_at&guild_id=eq.1482705779697123378&user_id=eq.812169085772890152 "HTTP/2 200 OK"
2026-03-23 10:15:02 [INFO    ] google_genai.models: AFC is enabled with max remote calls: 10.
2026-03-23 10:15:02 [INFO    ] httpx: HTTP Request: POST https://generativelanguage.googleapis.com/v1beta/models/gemini-3.0-flash:generateContent "HTTP/1.1 404 Not Found"
2026-03-23 10:15:02 [ERROR   ] cogs.ai: DuckDuckGo search failed: 404 NOT_FOUND. {'error': {'code': 404, 'message': 'models/gemini-3.0-flash is not found for API version v1beta, or is not supported for generateContent. Call ListModels to see the list of available models and their supported methods.', 'status': 'NOT_FOUND'}}
2026-03-23 10:15:02 [INFO    ] google_genai.models: AFC is enabled with max remote calls: 10.
2026-03-23 10:15:05 [INFO    ] httpx: HTTP Request: POST https://generativelanguage.googleapis.com/v1beta/models/gemini-3.1-flash-lite-preview:generateContent "HTTP/1.1 200 OK"
2026-03-23 10:15:06 [INFO    ] httpx: HTTP Request: GET https://tadbbmsotttrpoyzwgrx.supabase.co/rest/v1/ai_interactions?select=interaction_count&guild_id=eq.1482705779697123378&user_id=eq.812169085772890152 "HTTP/2 200 OK"
2026-03-23 10:15:06 [INFO    ] httpx: HTTP Request: PATCH https://tadbbmsotttrpoyzwgrx.supabase.co/rest/v1/ai_interactions?guild_id=eq.1482705779697123378&user_id=eq.812169085772890152 "HTTP/2 200 OK"
2026-03-23 10:17:20 [INFO    ] httpx: HTTP Request: GET https://tadbbmsotttrpoyzwgrx.supabase.co/rest/v1/xp_settings?select=%2A&guild_id=eq.1482705779697123378 "HTTP/2 200 OK"
2026-03-23 10:17:20 [INFO    ] httpx: HTTP Request: GET https://tadbbmsotttrpoyzwgrx.supabase.co/rest/v1/xp_profiles?select=last_xp_at&guild_id=eq.1482705779697123378&user_id=eq.1473975741665251440 "HTTP/2 200 OK"
2026-03-23 10:17:20 [INFO    ] httpx: HTTP Request: GET https://tadbbmsotttrpoyzwgrx.supabase.co/rest/v1/xp_profiles?select=%2A&guild_id=eq.1482705779697123378&user_id=eq.1473975741665251440 "HTTP/2 200 OK"
2026-03-23 10:17:21 [INFO    ] httpx: HTTP Request: PATCH https://tadbbmsotttrpoyzwgrx.supabase.co/rest/v1/xp_profiles?guild_id=eq.1482705779697123378&user_id=eq.1473975741665251440 "HTTP/2 200 OK"
2026-03-23 10:17:21 [INFO    ] httpx: HTTP Request: GET https://tadbbmsotttrpoyzwgrx.supabase.co/rest/v1/user_badges?select=badge_key&guild_id=eq.1482705779697123378&user_id=eq.1473975741665251440 "HTTP/2 200 OK"
2026-03-23 10:17:21 [ERROR   ] discord.client: Ignoring exception in on_message
Traceback (most recent call last):
  File "C:\Users\magdi\AppData\Local\Programs\Python\Python313\Lib\site-packages\discord\client.py", line 508, in _run_event
    await coro(*args, **kwargs)
  File "C:\Users\magdi\Documents\Coding projects\aitesting\catalog-bot\catalog-bot\cogs\xp.py", line 384, in on_message
    await self._award_xp(message, message.author, amount, is_voice=False)
  File "C:\Users\magdi\Documents\Coding projects\aitesting\catalog-bot\catalog-bot\cogs\xp.py", line 174, in _award_xp
    await self._check_badges(member, update_data)
  File "C:\Users\magdi\Documents\Coding projects\aitesting\catalog-bot\catalog-bot\cogs\xp.py", line 321, in _check_badges
    if roles_to_add:
       ^^^^^^^^^^^^
UnboundLocalError: cannot access local variable 'roles_to_add' where it is not associated with a value
2026-03-23 10:19:02 [WARNING ] discord.client: PyNaCl is not installed, voice will NOT be supported
2026-03-23 10:19:02 [WARNING ] discord.client: davey is not installed, voice will NOT be supported
2026-03-23 10:19:02 [INFO    ] discord.client: logging in using static token
2026-03-23 10:19:03 [INFO    ] db.client: Supabase client initialised.
2026-03-23 10:19:05 [INFO    ] cogs.ai: Gemini AI client successfully initialized.
2026-03-23 10:19:05 [INFO    ] bot: Loaded cog: cogs.ai
2026-03-23 10:19:05 [INFO    ] bot: Loaded cog: cogs.general
2026-03-23 10:19:05 [INFO    ] bot: Loaded cog: cogs.levels
2026-03-23 10:19:05 [INFO    ] bot: Loaded cog: cogs.moderation
2026-03-23 10:19:05 [INFO    ] bot: Loaded cog: cogs.xp
2026-03-23 10:19:06 [INFO    ] bot: Slash commands synced.
2026-03-23 10:19:06 [INFO    ] bot: Admin web panel running on port 8080 (http://0.0.0.0:8080/)
2026-03-23 10:19:06 [INFO    ] discord.gateway: Shard ID None has connected to Gateway (Session ID: 77dca591216d6b7c658caba6a682dcab).
2026-03-23 10:19:08 [INFO    ] bot: Logged in as Catalog#0564 (ID: 1482728261422157865)
2026-03-23 10:19:09 [INFO    ] httpx: HTTP Request: GET https://tadbbmsotttrpoyzwgrx.supabase.co/rest/v1/rank_tiers?select=level_min&guild_id=eq.1482705779697123378&limit=1 "HTTP/2 200 OK"
2026-03-23 10:19:11 [INFO    ] httpx: HTTP Request: GET https://tadbbmsotttrpoyzwgrx.supabase.co/rest/v1/xp_settings?select=%2A&guild_id=eq.1482705779697123378 "HTTP/2 200 OK"
2026-03-23 10:19:11 [INFO    ] httpx: HTTP Request: GET https://tadbbmsotttrpoyzwgrx.supabase.co/rest/v1/xp_profiles?select=last_xp_at&guild_id=eq.1482705779697123378&user_id=eq.812169085772890152 "HTTP/2 200 OK"
2026-03-23 10:19:11 [INFO    ] httpx: HTTP Request: GET https://tadbbmsotttrpoyzwgrx.supabase.co/rest/v1/xp_profiles?select=%2A&guild_id=eq.1482705779697123378&user_id=eq.812169085772890152 "HTTP/2 200 OK"
2026-03-23 10:19:11 [INFO    ] httpx: HTTP Request: PATCH https://tadbbmsotttrpoyzwgrx.supabase.co/rest/v1/xp_profiles?guild_id=eq.1482705779697123378&user_id=eq.812169085772890152 "HTTP/2 200 OK"
2026-03-23 10:19:11 [INFO    ] httpx: HTTP Request: GET https://tadbbmsotttrpoyzwgrx.supabase.co/rest/v1/user_badges?select=badge_key&guild_id=eq.1482705779697123378&user_id=eq.812169085772890152 "HTTP/2 200 OK"
2026-03-23 10:19:11 [ERROR   ] discord.client: Ignoring exception in on_message
Traceback (most recent call last):
  File "C:\Users\magdi\AppData\Local\Programs\Python\Python313\Lib\site-packages\discord\client.py", line 508, in _run_event
    await coro(*args, **kwargs)
  File "C:\Users\magdi\Documents\Coding projects\aitesting\catalog-bot\catalog-bot\cogs\xp.py", line 384, in on_message
    await self._award_xp(message, message.author, amount, is_voice=False)
  File "C:\Users\magdi\Documents\Coding projects\aitesting\catalog-bot\catalog-bot\cogs\xp.py", line 174, in _award_xp
    await self._check_badges(member, update_data)
  File "C:\Users\magdi\Documents\Coding projects\aitesting\catalog-bot\catalog-bot\cogs\xp.py", line 321, in _check_badges
    if roles_to_add:
       ^^^^^^^^^^^^
UnboundLocalError: cannot access local variable 'roles_to_add' where it is not associated with a value
2026-03-23 10:24:16 [WARNING ] discord.client: PyNaCl is not installed, voice will NOT be supported
2026-03-23 10:24:16 [WARNING ] discord.client: davey is not installed, voice will NOT be supported
2026-03-23 10:24:16 [INFO    ] discord.client: logging in using static token
2026-03-23 10:24:17 [INFO    ] db.client: Supabase client initialised.
2026-03-23 10:24:20 [INFO    ] cogs.ai: Gemini AI client successfully initialized.
2026-03-23 10:24:20 [INFO    ] bot: Loaded cog: cogs.ai
2026-03-23 10:24:20 [INFO    ] bot: Loaded cog: cogs.general
2026-03-23 10:24:20 [INFO    ] bot: Loaded cog: cogs.levels
2026-03-23 10:24:20 [INFO    ] bot: Loaded cog: cogs.moderation
2026-03-23 10:24:20 [INFO    ] bot: Loaded cog: cogs.rules
2026-03-23 10:24:20 [INFO    ] bot: Loaded cog: cogs.xp
2026-03-23 10:24:20 [INFO    ] bot: Slash commands synced.
2026-03-23 10:24:20 [INFO    ] bot: Admin web panel running on port 8080 (http://0.0.0.0:8080/)
2026-03-23 10:24:21 [INFO    ] discord.gateway: Shard ID None has connected to Gateway (Session ID: 8650c100d1a512b6857089842ac588fe).
2026-03-23 10:24:23 [INFO    ] bot: Logged in as Catalog#0564 (ID: 1482728261422157865)
2026-03-23 10:24:24 [INFO    ] httpx: HTTP Request: GET https://tadbbmsotttrpoyzwgrx.supabase.co/rest/v1/rank_tiers?select=level_min&guild_id=eq.1482705779697123378&limit=1 "HTTP/2 200 OK"
2026-03-23 10:24:31 [WARNING ] discord.client: PyNaCl is not installed, voice will NOT be supported
2026-03-23 10:24:31 [WARNING ] discord.client: davey is not installed, voice will NOT be supported
2026-03-23 10:24:31 [INFO    ] discord.client: logging in using static token
2026-03-23 10:24:32 [INFO    ] db.client: Supabase client initialised.
2026-03-23 10:24:35 [INFO    ] cogs.ai: Gemini AI client successfully initialized.
2026-03-23 10:24:35 [INFO    ] bot: Loaded cog: cogs.ai
2026-03-23 10:24:35 [INFO    ] bot: Loaded cog: cogs.general
2026-03-23 10:24:35 [INFO    ] bot: Loaded cog: cogs.levels
2026-03-23 10:24:35 [INFO    ] bot: Loaded cog: cogs.moderation
2026-03-23 10:24:35 [INFO    ] bot: Loaded cog: cogs.rules
2026-03-23 10:24:35 [INFO    ] bot: Loaded cog: cogs.xp
2026-03-23 10:25:20 [INFO    ] bot: Slash commands synced.
2026-03-23 10:25:20 [INFO    ] bot: Admin web panel running on port 8080 (http://0.0.0.0:8080/)
2026-03-23 10:25:21 [INFO    ] discord.gateway: Shard ID None has connected to Gateway (Session ID: 1e2228670e38aee52f488210d5934059).
2026-03-23 10:25:23 [INFO    ] bot: Logged in as Catalog#0564 (ID: 1482728261422157865)
2026-03-23 10:25:24 [INFO    ] httpx: HTTP Request: GET https://tadbbmsotttrpoyzwgrx.supabase.co/rest/v1/rank_tiers?select=level_min&guild_id=eq.1482705779697123378&limit=1 "HTTP/2 200 OK"
2026-03-23 10:25:30 [INFO    ] httpx: HTTP Request: GET https://tadbbmsotttrpoyzwgrx.supabase.co/rest/v1/xp_settings?select=%2A&guild_id=eq.1482705779697123378 "HTTP/2 200 OK"
2026-03-23 10:25:30 [INFO    ] httpx: HTTP Request: GET https://tadbbmsotttrpoyzwgrx.supabase.co/rest/v1/xp_profiles?select=last_xp_at&guild_id=eq.1482705779697123378&user_id=eq.812169085772890152 "HTTP/2 200 OK"
2026-03-23 10:25:30 [INFO    ] httpx: HTTP Request: GET https://tadbbmsotttrpoyzwgrx.supabase.co/rest/v1/xp_profiles?select=%2A&guild_id=eq.1482705779697123378&user_id=eq.812169085772890152 "HTTP/2 200 OK"
2026-03-23 10:25:30 [INFO    ] httpx: HTTP Request: PATCH https://tadbbmsotttrpoyzwgrx.supabase.co/rest/v1/xp_profiles?guild_id=eq.1482705779697123378&user_id=eq.812169085772890152 "HTTP/2 200 OK"
2026-03-23 10:25:30 [INFO    ] httpx: HTTP Request: GET https://tadbbmsotttrpoyzwgrx.supabase.co/rest/v1/user_badges?select=badge_key&guild_id=eq.1482705779697123378&user_id=eq.812169085772890152 "HTTP/2 200 OK"
2026-03-23 10:25:42 [INFO    ] httpx: HTTP Request: GET https://tadbbmsotttrpoyzwgrx.supabase.co/rest/v1/xp_settings?select=%2A&guild_id=eq.1482705779697123378 "HTTP/2 200 OK"
2026-03-23 10:25:42 [INFO    ] httpx: HTTP Request: GET https://tadbbmsotttrpoyzwgrx.supabase.co/rest/v1/xp_profiles?select=last_xp_at&guild_id=eq.1482705779697123378&user_id=eq.812169085772890152 "HTTP/2 200 OK"
2026-03-23 10:25:55 [INFO    ] httpx: HTTP Request: GET https://tadbbmsotttrpoyzwgrx.supabase.co/rest/v1/xp_settings?select=%2A&guild_id=eq.1482705779697123378 "HTTP/2 200 OK"
2026-03-23 10:25:55 [INFO    ] httpx: HTTP Request: GET https://tadbbmsotttrpoyzwgrx.supabase.co/rest/v1/xp_profiles?select=last_xp_at&guild_id=eq.1482705779697123378&user_id=eq.812169085772890152 "HTTP/2 200 OK"
2026-03-23 10:26:22 [INFO    ] httpx: HTTP Request: GET https://tadbbmsotttrpoyzwgrx.supabase.co/rest/v1/xp_settings?select=%2A&guild_id=eq.1482705779697123378 "HTTP/2 200 OK"
2026-03-23 10:26:22 [INFO    ] httpx: HTTP Request: GET https://tadbbmsotttrpoyzwgrx.supabase.co/rest/v1/xp_profiles?select=last_xp_at&guild_id=eq.1482705779697123378&user_id=eq.812169085772890152 "HTTP/2 200 OK"
2026-03-23 10:26:22 [INFO    ] google_genai.models: AFC is enabled with max remote calls: 10.
2026-03-23 10:26:25 [INFO    ] httpx: HTTP Request: POST https://generativelanguage.googleapis.com/v1beta/models/gemini-3-flash-preview:generateContent "HTTP/1.1 200 OK"
2026-03-23 10:26:25 [INFO    ] google_genai.models: AFC is enabled with max remote calls: 10.
2026-03-23 10:26:28 [INFO    ] httpx: HTTP Request: POST https://generativelanguage.googleapis.com/v1beta/models/gemini-3-flash-preview:generateContent "HTTP/1.1 200 OK"
2026-03-23 10:26:28 [INFO    ] primp: response: https://www.bing.com/search?q=Jotaro+Kujo+death+season+7 200
2026-03-23 10:26:28 [INFO    ] google_genai.models: AFC is enabled with max remote calls: 10.
2026-03-23 10:26:35 [INFO    ] httpx: HTTP Request: POST https://generativelanguage.googleapis.com/v1beta/models/gemini-3.1-flash-lite-preview:generateContent "HTTP/1.1 200 OK"
2026-03-23 10:26:36 [INFO    ] httpx: HTTP Request: GET https://tadbbmsotttrpoyzwgrx.supabase.co/rest/v1/ai_interactions?select=interaction_count&guild_id=eq.1482705779697123378&user_id=eq.812169085772890152 "HTTP/2 200 OK"
2026-03-23 10:26:36 [INFO    ] httpx: HTTP Request: PATCH https://tadbbmsotttrpoyzwgrx.supabase.co/rest/v1/ai_interactions?guild_id=eq.1482705779697123378&user_id=eq.812169085772890152 "HTTP/2 200 OK"
2026-03-23 10:27:23 [INFO    ] httpx: HTTP Request: GET https://tadbbmsotttrpoyzwgrx.supabase.co/rest/v1/xp_settings?select=%2A&guild_id=eq.1482705779697123378 "HTTP/2 200 OK"
2026-03-23 10:27:23 [INFO    ] httpx: HTTP Request: GET https://tadbbmsotttrpoyzwgrx.supabase.co/rest/v1/xp_profiles?select=last_xp_at&guild_id=eq.1482705779697123378&user_id=eq.812169085772890152 "HTTP/2 200 OK"
2026-03-23 10:27:23 [INFO    ] httpx: HTTP Request: GET https://tadbbmsotttrpoyzwgrx.supabase.co/rest/v1/xp_profiles?select=%2A&guild_id=eq.1482705779697123378&user_id=eq.812169085772890152 "HTTP/2 200 OK"
2026-03-23 10:27:23 [INFO    ] httpx: HTTP Request: PATCH https://tadbbmsotttrpoyzwgrx.supabase.co/rest/v1/xp_profiles?guild_id=eq.1482705779697123378&user_id=eq.812169085772890152 "HTTP/2 200 OK"
2026-03-23 10:27:23 [INFO    ] httpx: HTTP Request: GET https://tadbbmsotttrpoyzwgrx.supabase.co/rest/v1/user_badges?select=badge_key&guild_id=eq.1482705779697123378&user_id=eq.812169085772890152 "HTTP/2 200 OK"
2026-03-23 10:27:24 [INFO    ] google_genai.models: AFC is enabled with max remote calls: 10.
2026-03-23 10:27:26 [INFO    ] httpx: HTTP Request: POST https://generativelanguage.googleapis.com/v1beta/models/gemini-3-flash-preview:generateContent "HTTP/1.1 200 OK"
2026-03-23 10:27:27 [INFO    ] google_genai.models: AFC is enabled with max remote calls: 10.
2026-03-23 10:27:28 [INFO    ] httpx: HTTP Request: POST https://generativelanguage.googleapis.com/v1beta/models/gemini-3-flash-preview:generateContent "HTTP/1.1 200 OK"
2026-03-23 10:27:28 [INFO    ] primp: response: https://www.bing.com/search?q=Kill+the+Sun+novel+author 200
2026-03-23 10:27:28 [INFO    ] google_genai.models: AFC is enabled with max remote calls: 10.
2026-03-23 10:27:29 [INFO    ] httpx: HTTP Request: POST https://generativelanguage.googleapis.com/v1beta/models/gemini-3.1-flash-lite-preview:generateContent "HTTP/1.1 200 OK"
2026-03-23 10:27:30 [INFO    ] httpx: HTTP Request: GET https://tadbbmsotttrpoyzwgrx.supabase.co/rest/v1/ai_interactions?select=interaction_count&guild_id=eq.1482705779697123378&user_id=eq.812169085772890152 "HTTP/2 200 OK"
2026-03-23 10:27:30 [INFO    ] httpx: HTTP Request: PATCH https://tadbbmsotttrpoyzwgrx.supabase.co/rest/v1/ai_interactions?guild_id=eq.1482705779697123378&user_id=eq.812169085772890152 "HTTP/2 200 OK"
2026-03-23 10:28:42 [INFO    ] httpx: HTTP Request: GET https://tadbbmsotttrpoyzwgrx.supabase.co/rest/v1/xp_settings?select=%2A&guild_id=eq.1482705779697123378 "HTTP/2 200 OK"
2026-03-23 10:28:42 [INFO    ] httpx: HTTP Request: GET https://tadbbmsotttrpoyzwgrx.supabase.co/rest/v1/xp_profiles?select=last_xp_at&guild_id=eq.1482705779697123378&user_id=eq.812169085772890152 "HTTP/2 200 OK"
2026-03-23 10:28:42 [INFO    ] httpx: HTTP Request: GET https://tadbbmsotttrpoyzwgrx.supabase.co/rest/v1/xp_profiles?select=%2A&guild_id=eq.1482705779697123378&user_id=eq.812169085772890152 "HTTP/2 200 OK"
2026-03-23 10:28:42 [INFO    ] httpx: HTTP Request: PATCH https://tadbbmsotttrpoyzwgrx.supabase.co/rest/v1/xp_profiles?guild_id=eq.1482705779697123378&user_id=eq.812169085772890152 "HTTP/2 200 OK"
2026-03-23 10:28:42 [INFO    ] httpx: HTTP Request: GET https://tadbbmsotttrpoyzwgrx.supabase.co/rest/v1/user_badges?select=badge_key&guild_id=eq.1482705779697123378&user_id=eq.812169085772890152 "HTTP/2 200 OK"
2026-03-23 10:28:43 [INFO    ] google_genai.models: AFC is enabled with max remote calls: 10.
2026-03-23 10:28:45 [INFO    ] httpx: HTTP Request: POST https://generativelanguage.googleapis.com/v1beta/models/gemini-3-flash-preview:generateContent "HTTP/1.1 200 OK"
2026-03-23 10:28:45 [INFO    ] google_genai.models: AFC is enabled with max remote calls: 10.
2026-03-23 10:28:47 [INFO    ] httpx: HTTP Request: POST https://generativelanguage.googleapis.com/v1beta/models/gemini-3.1-flash-lite-preview:generateContent "HTTP/1.1 200 OK"
2026-03-23 10:28:48 [INFO    ] httpx: HTTP Request: GET https://tadbbmsotttrpoyzwgrx.supabase.co/rest/v1/ai_interactions?select=interaction_count&guild_id=eq.1482705779697123378&user_id=eq.812169085772890152 "HTTP/2 200 OK"
2026-03-23 10:28:48 [INFO    ] httpx: HTTP Request: PATCH https://tadbbmsotttrpoyzwgrx.supabase.co/rest/v1/ai_interactions?guild_id=eq.1482705779697123378&user_id=eq.812169085772890152 "HTTP/2 200 OK"
2026-03-23 10:29:06 [INFO    ] httpx: HTTP Request: GET https://tadbbmsotttrpoyzwgrx.supabase.co/rest/v1/xp_settings?select=%2A&guild_id=eq.1482705779697123378 "HTTP/2 200 OK"
2026-03-23 10:29:06 [INFO    ] httpx: HTTP Request: GET https://tadbbmsotttrpoyzwgrx.supabase.co/rest/v1/xp_profiles?select=last_xp_at&guild_id=eq.1482705779697123378&user_id=eq.812169085772890152 "HTTP/2 200 OK"
2026-03-23 10:29:07 [INFO    ] google_genai.models: AFC is enabled with max remote calls: 10.
2026-03-23 10:29:09 [INFO    ] httpx: HTTP Request: POST https://generativelanguage.googleapis.com/v1beta/models/gemini-3-flash-preview:generateContent "HTTP/1.1 200 OK"
2026-03-23 10:29:09 [INFO    ] google_genai.models: AFC is enabled with max remote calls: 10.
2026-03-23 10:29:17 [INFO    ] httpx: HTTP Request: POST https://generativelanguage.googleapis.com/v1beta/models/gemini-3-flash-preview:generateContent "HTTP/1.1 200 OK"
2026-03-23 10:29:17 [INFO    ] primp: response: https://www.bing.com/search?q=search+web+about+it 200
2026-03-23 10:29:17 [INFO    ] google_genai.models: AFC is enabled with max remote calls: 10.
2026-03-23 10:29:18 [INFO    ] httpx: HTTP Request: POST https://generativelanguage.googleapis.com/v1beta/models/gemini-3.1-flash-lite-preview:generateContent "HTTP/1.1 200 OK"
2026-03-23 10:29:19 [INFO    ] httpx: HTTP Request: GET https://tadbbmsotttrpoyzwgrx.supabase.co/rest/v1/ai_interactions?select=interaction_count&guild_id=eq.1482705779697123378&user_id=eq.812169085772890152 "HTTP/2 200 OK"
2026-03-23 10:29:19 [INFO    ] httpx: HTTP Request: PATCH https://tadbbmsotttrpoyzwgrx.supabase.co/rest/v1/ai_interactions?guild_id=eq.1482705779697123378&user_id=eq.812169085772890152 "HTTP/2 200 OK"
2026-03-23 10:33:49 [WARNING ] discord.client: PyNaCl is not installed, voice will NOT be supported
2026-03-23 10:33:49 [WARNING ] discord.client: davey is not installed, voice will NOT be supported
2026-03-23 10:33:49 [INFO    ] discord.client: logging in using static token
2026-03-23 10:33:51 [INFO    ] db.client: Supabase client initialised.
2026-03-23 10:33:53 [INFO    ] cogs.ai: Gemini AI client successfully initialized.
2026-03-23 10:33:53 [INFO    ] bot: Loaded cog: cogs.ai
2026-03-23 10:33:53 [INFO    ] bot: Loaded cog: cogs.general
2026-03-23 10:33:53 [INFO    ] bot: Loaded cog: cogs.levels
2026-03-23 10:33:53 [INFO    ] bot: Loaded cog: cogs.moderation
2026-03-23 10:33:53 [INFO    ] bot: Loaded cog: cogs.rules
2026-03-23 10:33:53 [INFO    ] bot: Loaded cog: cogs.xp
2026-03-23 10:33:53 [INFO    ] bot: Slash commands synced.
2026-03-23 10:33:53 [INFO    ] bot: Admin web panel running on port 8080 (http://0.0.0.0:8080/)
2026-03-23 10:33:54 [INFO    ] discord.gateway: Shard ID None has connected to Gateway (Session ID: da5be2a32b41d382a3a8016797914ac8).
2026-03-23 10:33:56 [INFO    ] bot: Logged in as Catalog#0564 (ID: 1482728261422157865)
2026-03-23 10:33:57 [INFO    ] httpx: HTTP Request: GET https://tadbbmsotttrpoyzwgrx.supabase.co/rest/v1/rank_tiers?select=level_min&guild_id=eq.1482705779697123378&limit=1 "HTTP/2 200 OK"
2026-03-23 10:34:06 [INFO    ] httpx: HTTP Request: GET https://tadbbmsotttrpoyzwgrx.supabase.co/rest/v1/xp_settings?select=%2A&guild_id=eq.1482705779697123378 "HTTP/2 200 OK"
2026-03-23 10:34:06 [INFO    ] httpx: HTTP Request: GET https://tadbbmsotttrpoyzwgrx.supabase.co/rest/v1/xp_profiles?select=last_xp_at&guild_id=eq.1482705779697123378&user_id=eq.812169085772890152 "HTTP/2 200 OK"
2026-03-23 10:34:06 [INFO    ] httpx: HTTP Request: GET https://tadbbmsotttrpoyzwgrx.supabase.co/rest/v1/xp_profiles?select=%2A&guild_id=eq.1482705779697123378&user_id=eq.812169085772890152 "HTTP/2 200 OK"
2026-03-23 10:34:07 [INFO    ] httpx: HTTP Request: PATCH https://tadbbmsotttrpoyzwgrx.supabase.co/rest/v1/xp_profiles?guild_id=eq.1482705779697123378&user_id=eq.812169085772890152 "HTTP/2 200 OK"
2026-03-23 10:34:07 [INFO    ] httpx: HTTP Request: GET https://tadbbmsotttrpoyzwgrx.supabase.co/rest/v1/rank_tiers?select=%2A&guild_id=eq.1482705779697123378&level_min=lte.5&level_max=gte.5 "HTTP/2 200 OK"
2026-03-23 10:34:07 [INFO    ] httpx: HTTP Request: GET https://tadbbmsotttrpoyzwgrx.supabase.co/rest/v1/rank_tiers?select=%2A&guild_id=eq.1482705779697123378&level_min=lte.4&level_max=gte.4 "HTTP/2 200 OK"
2026-03-23 10:34:08 [INFO    ] httpx: HTTP Request: GET https://tadbbmsotttrpoyzwgrx.supabase.co/rest/v1/xp_settings?select=%2A&guild_id=eq.1482705779697123378 "HTTP/2 200 OK"
2026-03-23 10:34:08 [INFO    ] httpx: HTTP Request: GET https://tadbbmsotttrpoyzwgrx.supabase.co/rest/v1/user_badges?select=badge_key&guild_id=eq.1482705779697123378&user_id=eq.812169085772890152 "HTTP/2 200 OK"
2026-03-23 10:34:32 [INFO    ] httpx: HTTP Request: GET https://tadbbmsotttrpoyzwgrx.supabase.co/rest/v1/xp_settings?select=%2A&guild_id=eq.1482705779697123378 "HTTP/2 200 OK"
2026-03-23 10:34:32 [INFO    ] httpx: HTTP Request: GET https://tadbbmsotttrpoyzwgrx.supabase.co/rest/v1/xp_profiles?select=last_xp_at&guild_id=eq.1482705779697123378&user_id=eq.812169085772890152 "HTTP/2 200 OK"
2026-03-23 10:34:33 [INFO    ] google_genai.models: AFC is enabled with max remote calls: 10.
2026-03-23 10:34:38 [INFO    ] httpx: HTTP Request: POST https://generativelanguage.googleapis.com/v1beta/models/gemini-3-flash-preview:generateContent "HTTP/1.1 200 OK"
2026-03-23 10:34:38 [INFO    ] cogs.ai: Generated Web Queries: ['who is Warmaisach', 'Warmaisach identity and background', 'Warmaisach meaning and origin']
2026-03-23 10:34:39 [INFO    ] primp: response: https://www.bing.com/search?q=who+is+Warmaisach 200
2026-03-23 10:34:40 [INFO    ] primp: response: https://www.bing.com/search?q=Warmaisach+identity+and+background 200
2026-03-23 10:34:41 [INFO    ] primp: response: https://www.bing.com/search?q=Warmaisach+meaning+and+origin 200
2026-03-23 10:34:42 [INFO    ] google_genai.models: AFC is enabled with max remote calls: 10.
2026-03-23 10:34:45 [INFO    ] httpx: HTTP Request: POST https://generativelanguage.googleapis.com/v1beta/models/gemini-3.1-flash-lite-preview:generateContent "HTTP/1.1 200 OK"
2026-03-23 10:34:45 [INFO    ] httpx: HTTP Request: GET https://tadbbmsotttrpoyzwgrx.supabase.co/rest/v1/ai_interactions?select=interaction_count&guild_id=eq.1482705779697123378&user_id=eq.812169085772890152 "HTTP/2 200 OK"
2026-03-23 10:34:45 [INFO    ] httpx: HTTP Request: PATCH https://tadbbmsotttrpoyzwgrx.supabase.co/rest/v1/ai_interactions?guild_id=eq.1482705779697123378&user_id=eq.812169085772890152 "HTTP/2 200 OK"
2026-03-23 10:35:59 [INFO    ] httpx: HTTP Request: GET https://tadbbmsotttrpoyzwgrx.supabase.co/rest/v1/xp_settings?select=%2A&guild_id=eq.1482705779697123378 "HTTP/2 200 OK"
2026-03-23 10:35:59 [INFO    ] httpx: HTTP Request: GET https://tadbbmsotttrpoyzwgrx.supabase.co/rest/v1/xp_profiles?select=last_xp_at&guild_id=eq.1482705779697123378&user_id=eq.812169085772890152 "HTTP/2 200 OK"
2026-03-23 10:35:59 [INFO    ] httpx: HTTP Request: GET https://tadbbmsotttrpoyzwgrx.supabase.co/rest/v1/xp_profiles?select=%2A&guild_id=eq.1482705779697123378&user_id=eq.812169085772890152 "HTTP/2 200 OK"
2026-03-23 10:35:59 [INFO    ] httpx: HTTP Request: PATCH https://tadbbmsotttrpoyzwgrx.supabase.co/rest/v1/xp_profiles?guild_id=eq.1482705779697123378&user_id=eq.812169085772890152 "HTTP/2 200 OK"
2026-03-23 10:36:00 [INFO    ] httpx: HTTP Request: GET https://tadbbmsotttrpoyzwgrx.supabase.co/rest/v1/user_badges?select=badge_key&guild_id=eq.1482705779697123378&user_id=eq.812169085772890152 "HTTP/2 200 OK"
2026-03-23 10:36:00 [INFO    ] google_genai.models: AFC is enabled with max remote calls: 10.
2026-03-23 10:36:02 [INFO    ] httpx: HTTP Request: POST https://generativelanguage.googleapis.com/v1beta/models/gemini-3-flash-preview:generateContent "HTTP/1.1 200 OK"
2026-03-23 10:36:02 [INFO    ] google_genai.models: AFC is enabled with max remote calls: 10.
2026-03-23 10:36:04 [INFO    ] httpx: HTTP Request: POST https://generativelanguage.googleapis.com/v1beta/models/gemini-3-flash-preview:generateContent "HTTP/1.1 200 OK"
2026-03-23 10:36:04 [INFO    ] cogs.ai: Generated Web Queries: ['author of Kill the Sun web novel', 'who wrote Kill the Sun web novel', 'Warmaisach author Kill the Sun']
2026-03-23 10:36:05 [INFO    ] primp: response: https://www.bing.com/search?q=author+of+Kill+the+Sun+web+novel 200
2026-03-23 10:36:06 [INFO    ] primp: response: https://www.bing.com/search?q=who+wrote+Kill+the+Sun+web+novel 200
2026-03-23 10:36:07 [INFO    ] primp: response: https://www.bing.com/search?q=Warmaisach+author+Kill+the+Sun 200
2026-03-23 10:36:08 [INFO    ] google_genai.models: AFC is enabled with max remote calls: 10.
2026-03-23 10:36:09 [INFO    ] httpx: HTTP Request: POST https://generativelanguage.googleapis.com/v1beta/models/gemini-3.1-flash-lite-preview:generateContent "HTTP/1.1 200 OK"
2026-03-23 10:36:10 [INFO    ] httpx: HTTP Request: GET https://tadbbmsotttrpoyzwgrx.supabase.co/rest/v1/ai_interactions?select=interaction_count&guild_id=eq.1482705779697123378&user_id=eq.812169085772890152 "HTTP/2 200 OK"
2026-03-23 10:36:10 [INFO    ] httpx: HTTP Request: PATCH https://tadbbmsotttrpoyzwgrx.supabase.co/rest/v1/ai_interactions?guild_id=eq.1482705779697123378&user_id=eq.812169085772890152 "HTTP/2 200 OK"
2026-03-23 10:38:59 [INFO    ] httpx: HTTP Request: GET https://tadbbmsotttrpoyzwgrx.supabase.co/rest/v1/xp_settings?select=%2A&guild_id=eq.1482705779697123378 "HTTP/2 200 OK"
2026-03-23 10:38:59 [INFO    ] httpx: HTTP Request: GET https://tadbbmsotttrpoyzwgrx.supabase.co/rest/v1/xp_profiles?select=last_xp_at&guild_id=eq.1482705779697123378&user_id=eq.812169085772890152 "HTTP/2 200 OK"
2026-03-23 10:38:59 [INFO    ] httpx: HTTP Request: GET https://tadbbmsotttrpoyzwgrx.supabase.co/rest/v1/xp_profiles?select=%2A&guild_id=eq.1482705779697123378&user_id=eq.812169085772890152 "HTTP/2 200 OK"
2026-03-23 10:38:59 [INFO    ] httpx: HTTP Request: PATCH https://tadbbmsotttrpoyzwgrx.supabase.co/rest/v1/xp_profiles?guild_id=eq.1482705779697123378&user_id=eq.812169085772890152 "HTTP/2 200 OK"
2026-03-23 10:38:59 [INFO    ] httpx: HTTP Request: GET https://tadbbmsotttrpoyzwgrx.supabase.co/rest/v1/user_badges?select=badge_key&guild_id=eq.1482705779697123378&user_id=eq.812169085772890152 "HTTP/2 200 OK"
2026-03-23 10:39:57 [WARNING ] discord.client: PyNaCl is not installed, voice will NOT be supported
2026-03-23 10:39:57 [WARNING ] discord.client: davey is not installed, voice will NOT be supported
2026-03-23 10:39:57 [INFO    ] discord.client: logging in using static token
2026-03-23 10:39:58 [INFO    ] db.client: Supabase client initialised.
2026-03-23 10:40:00 [INFO    ] cogs.ai: Gemini AI client successfully initialized.
2026-03-23 10:40:00 [INFO    ] bot: Loaded cog: cogs.ai
2026-03-23 10:40:00 [INFO    ] bot: Loaded cog: cogs.general
2026-03-23 10:40:00 [INFO    ] bot: Loaded cog: cogs.levels
2026-03-23 10:40:00 [INFO    ] bot: Loaded cog: cogs.moderation
2026-03-23 10:40:00 [INFO    ] bot: Loaded cog: cogs.rules
2026-03-23 10:40:00 [INFO    ] bot: Loaded cog: cogs.xp
2026-03-23 10:40:00 [INFO    ] bot: Slash commands synced.
2026-03-23 10:40:01 [INFO    ] bot: Admin web panel running on port 8080 (http://0.0.0.0:8080/)
2026-03-23 10:40:01 [INFO    ] discord.gateway: Shard ID None has connected to Gateway (Session ID: a2131969ba7aa1a8c55bd7daa7b8fae8).
2026-03-23 10:40:03 [INFO    ] bot: Logged in as Catalog#0564 (ID: 1482728261422157865)
2026-03-23 10:40:04 [INFO    ] httpx: HTTP Request: GET https://tadbbmsotttrpoyzwgrx.supabase.co/rest/v1/rank_tiers?select=level_min&guild_id=eq.1482705779697123378&limit=1 "HTTP/2 200 OK"
2026-03-23 10:40:16 [INFO    ] httpx: HTTP Request: GET https://tadbbmsotttrpoyzwgrx.supabase.co/rest/v1/xp_settings?select=%2A&guild_id=eq.1482705779697123378 "HTTP/2 200 OK"
2026-03-23 10:40:16 [INFO    ] httpx: HTTP Request: GET https://tadbbmsotttrpoyzwgrx.supabase.co/rest/v1/xp_profiles?select=last_xp_at&guild_id=eq.1482705779697123378&user_id=eq.812169085772890152 "HTTP/2 200 OK"
2026-03-23 10:40:16 [INFO    ] httpx: HTTP Request: GET https://tadbbmsotttrpoyzwgrx.supabase.co/rest/v1/xp_profiles?select=%2A&guild_id=eq.1482705779697123378&user_id=eq.812169085772890152 "HTTP/2 200 OK"
2026-03-23 10:40:16 [INFO    ] httpx: HTTP Request: PATCH https://tadbbmsotttrpoyzwgrx.supabase.co/rest/v1/xp_profiles?guild_id=eq.1482705779697123378&user_id=eq.812169085772890152 "HTTP/2 200 OK"
2026-03-23 10:40:17 [INFO    ] httpx: HTTP Request: GET https://tadbbmsotttrpoyzwgrx.supabase.co/rest/v1/user_badges?select=badge_key&guild_id=eq.1482705779697123378&user_id=eq.812169085772890152 "HTTP/2 200 OK"
2026-03-23 10:40:17 [INFO    ] google_genai.models: AFC is enabled with max remote calls: 10.
2026-03-23 10:40:20 [INFO    ] httpx: HTTP Request: POST https://generativelanguage.googleapis.com/v1beta/models/gemini-3-flash-preview:generateContent "HTTP/1.1 200 OK"
2026-03-23 10:40:20 [INFO    ] cogs.ai: Generated Web Queries: ['author of Kill the Sun web novel', 'Kill the Sun web novel NovelUpdates', 'who wrote the web novel Kill the Sun']
2026-03-23 10:40:21 [INFO    ] primp: response: https://en.wikipedia.org/w/api.php?action=opensearch&profile=fuzzy&limit=1&search=author%20of%20Kill%20the%20Sun%20web%20novel 200
2026-03-23 10:40:21 [INFO    ] primp: response: https://grokipedia.com/api/typeahead?query=author+of+Kill+the+Sun+web+novel&limit=1 200
2026-03-23 10:40:22 [INFO    ] primp: response: https://yandex.com/search/site/?text=author+of+Kill+the+Sun+web+novel&web=1&searchid=6339030 200
2026-03-23 10:40:23 [INFO    ] primp: response: https://en.wikipedia.org/w/api.php?action=opensearch&profile=fuzzy&limit=1&search=Kill%20the%20Sun%20web%20novel%20NovelUpdates 200
2026-03-23 10:40:23 [INFO    ] primp: response: https://grokipedia.com/api/typeahead?query=Kill+the+Sun+web+novel+NovelUpdates&limit=1 200
2026-03-23 10:40:24 [INFO    ] primp: response: https://www.google.com/search?q=Kill+the+Sun+web+novel+NovelUpdates&filter=1&start=0&hl=en-US&lr=lang_en&cr=countryUS 403
2026-03-23 10:40:24 [INFO    ] primp: response: https://yandex.com/search/site/?text=Kill+the+Sun+web+novel+NovelUpdates&web=1&searchid=8797961 200
2026-03-23 10:40:26 [INFO    ] primp: response: https://grokipedia.com/api/typeahead?query=who+wrote+the+web+novel+Kill+the+Sun&limit=1 200
2026-03-23 10:40:26 [INFO    ] primp: response: https://en.wikipedia.org/w/api.php?action=opensearch&profile=fuzzy&limit=1&search=who%20wrote%20the%20web%20novel%20Kill%20the%20Sun 200
2026-03-23 10:40:27 [INFO    ] primp: response: https://html.duckduckgo.com/html/ 200
2026-03-23 10:40:28 [INFO    ] google_genai.models: AFC is enabled with max remote calls: 10.
2026-03-23 10:40:30 [INFO    ] httpx: HTTP Request: POST https://generativelanguage.googleapis.com/v1beta/models/gemini-3.1-flash-lite-preview:generateContent "HTTP/1.1 200 OK"
2026-03-23 10:40:30 [INFO    ] httpx: HTTP Request: GET https://tadbbmsotttrpoyzwgrx.supabase.co/rest/v1/ai_interactions?select=interaction_count&guild_id=eq.1482705779697123378&user_id=eq.812169085772890152 "HTTP/2 200 OK"
2026-03-23 10:40:30 [INFO    ] httpx: HTTP Request: PATCH https://tadbbmsotttrpoyzwgrx.supabase.co/rest/v1/ai_interactions?guild_id=eq.1482705779697123378&user_id=eq.812169085772890152 "HTTP/2 200 OK"
2026-03-23 10:42:10 [INFO    ] httpx: HTTP Request: GET https://tadbbmsotttrpoyzwgrx.supabase.co/rest/v1/xp_settings?select=%2A&guild_id=eq.1482705779697123378 "HTTP/2 200 OK"
2026-03-23 10:42:10 [INFO    ] httpx: HTTP Request: GET https://tadbbmsotttrpoyzwgrx.supabase.co/rest/v1/xp_profiles?select=last_xp_at&guild_id=eq.1482705779697123378&user_id=eq.812169085772890152 "HTTP/2 200 OK"
2026-03-23 10:42:10 [INFO    ] httpx: HTTP Request: GET https://tadbbmsotttrpoyzwgrx.supabase.co/rest/v1/xp_profiles?select=%2A&guild_id=eq.1482705779697123378&user_id=eq.812169085772890152 "HTTP/2 200 OK"
2026-03-23 10:42:10 [INFO    ] httpx: HTTP Request: PATCH https://tadbbmsotttrpoyzwgrx.supabase.co/rest/v1/xp_profiles?guild_id=eq.1482705779697123378&user_id=eq.812169085772890152 "HTTP/2 200 OK"
2026-03-23 10:42:10 [INFO    ] httpx: HTTP Request: GET https://tadbbmsotttrpoyzwgrx.supabase.co/rest/v1/user_badges?select=badge_key&guild_id=eq.1482705779697123378&user_id=eq.812169085772890152 "HTTP/2 200 OK"
2026-03-23 10:42:14 [INFO    ] httpx: HTTP Request: GET https://tadbbmsotttrpoyzwgrx.supabase.co/rest/v1/xp_settings?select=%2A&guild_id=eq.1482705779697123378 "HTTP/2 200 OK"
2026-03-23 10:42:15 [INFO    ] httpx: HTTP Request: GET https://tadbbmsotttrpoyzwgrx.supabase.co/rest/v1/xp_profiles?select=last_xp_at&guild_id=eq.1482705779697123378&user_id=eq.812169085772890152 "HTTP/2 200 OK"
2026-03-23 10:47:52 [WARNING ] discord.client: PyNaCl is not installed, voice will NOT be supported
2026-03-23 10:47:52 [WARNING ] discord.client: davey is not installed, voice will NOT be supported
2026-03-23 10:47:52 [INFO    ] discord.client: logging in using static token
2026-03-23 10:47:53 [INFO    ] db.client: Supabase client initialised.
2026-03-23 10:47:55 [INFO    ] httpx: HTTP Request: GET https://tadbbmsotttrpoyzwgrx.supabase.co/rest/v1/auto_web_guilds?select=guild_id "HTTP/2 404 Not Found"
2026-03-23 10:47:55 [ERROR   ] cogs.ai: Failed to load auto_web settings from Supabase: {'message': "Could not find the table 'public.auto_web_guilds' in the schema cache", 'code': 'PGRST205', 'hint': None, 'details': None}
2026-03-23 10:47:57 [INFO    ] cogs.ai: Gemini AI client successfully initialized.
2026-03-23 10:47:57 [INFO    ] bot: Loaded cog: cogs.ai
2026-03-23 10:47:57 [INFO    ] bot: Loaded cog: cogs.general
2026-03-23 10:47:57 [INFO    ] bot: Loaded cog: cogs.levels
2026-03-23 10:47:57 [INFO    ] bot: Loaded cog: cogs.moderation
2026-03-23 10:47:57 [INFO    ] bot: Loaded cog: cogs.rules
2026-03-23 10:47:57 [INFO    ] bot: Loaded cog: cogs.xp
2026-03-23 10:47:57 [INFO    ] bot: Slash commands synced.
2026-03-23 10:47:57 [INFO    ] bot: Admin web panel running on port 8080 (http://0.0.0.0:8080/)
2026-03-23 10:47:58 [INFO    ] discord.gateway: Shard ID None has connected to Gateway (Session ID: 532a0f71fe46fede3102c598fa17d1fb).
2026-03-23 10:48:00 [INFO    ] bot: Logged in as Catalog#0564 (ID: 1482728261422157865)
2026-03-23 10:48:00 [INFO    ] httpx: HTTP Request: GET https://tadbbmsotttrpoyzwgrx.supabase.co/rest/v1/rank_tiers?select=level_min&guild_id=eq.1482705779697123378&limit=1 "HTTP/2 200 OK"
2026-03-23 10:48:06 [WARNING ] discord.client: PyNaCl is not installed, voice will NOT be supported
2026-03-23 10:48:06 [WARNING ] discord.client: davey is not installed, voice will NOT be supported
2026-03-23 10:48:06 [INFO    ] discord.client: logging in using static token
2026-03-23 10:48:07 [INFO    ] db.client: Supabase client initialised.
2026-03-23 10:48:09 [INFO    ] httpx: HTTP Request: GET https://tadbbmsotttrpoyzwgrx.supabase.co/rest/v1/auto_web_guilds?select=guild_id "HTTP/2 200 OK"
2026-03-23 10:48:09 [INFO    ] httpx: HTTP Request: GET https://tadbbmsotttrpoyzwgrx.supabase.co/rest/v1/auto_web_users?select=user_id "HTTP/2 200 OK"
2026-03-23 10:48:10 [INFO    ] cogs.ai: Gemini AI client successfully initialized.
2026-03-23 10:48:10 [INFO    ] bot: Loaded cog: cogs.ai
2026-03-23 10:48:10 [INFO    ] bot: Loaded cog: cogs.general
2026-03-23 10:48:10 [INFO    ] bot: Loaded cog: cogs.levels
2026-03-23 10:48:10 [INFO    ] bot: Loaded cog: cogs.moderation
2026-03-23 10:48:10 [INFO    ] bot: Loaded cog: cogs.rules
2026-03-23 10:48:10 [INFO    ] bot: Loaded cog: cogs.xp
2026-03-23 10:48:57 [INFO    ] bot: Slash commands synced.
2026-03-23 10:48:57 [INFO    ] bot: Admin web panel running on port 8080 (http://0.0.0.0:8080/)
2026-03-23 10:48:58 [INFO    ] discord.gateway: Shard ID None has connected to Gateway (Session ID: 3289e05e80874e7afe9ac2d298e225e0).
2026-03-23 10:49:00 [INFO    ] bot: Logged in as Catalog#0564 (ID: 1482728261422157865)
2026-03-23 10:49:00 [INFO    ] httpx: HTTP Request: GET https://tadbbmsotttrpoyzwgrx.supabase.co/rest/v1/rank_tiers?select=level_min&guild_id=eq.1482705779697123378&limit=1 "HTTP/2 200 OK"
2026-03-23 10:51:13 [INFO    ] httpx: HTTP Request: GET https://tadbbmsotttrpoyzwgrx.supabase.co/rest/v1/xp_settings?select=%2A&guild_id=eq.1482705779697123378 "HTTP/2 200 OK"
2026-03-23 10:51:13 [INFO    ] httpx: HTTP Request: GET https://tadbbmsotttrpoyzwgrx.supabase.co/rest/v1/xp_profiles?select=last_xp_at&guild_id=eq.1482705779697123378&user_id=eq.812169085772890152 "HTTP/2 200 OK"
2026-03-23 10:51:14 [INFO    ] httpx: HTTP Request: GET https://tadbbmsotttrpoyzwgrx.supabase.co/rest/v1/xp_profiles?select=%2A&guild_id=eq.1482705779697123378&user_id=eq.812169085772890152 "HTTP/2 200 OK"
2026-03-23 10:51:14 [INFO    ] httpx: HTTP Request: PATCH https://tadbbmsotttrpoyzwgrx.supabase.co/rest/v1/xp_profiles?guild_id=eq.1482705779697123378&user_id=eq.812169085772890152 "HTTP/2 200 OK"
2026-03-23 10:51:14 [INFO    ] httpx: HTTP Request: GET https://tadbbmsotttrpoyzwgrx.supabase.co/rest/v1/user_badges?select=badge_key&guild_id=eq.1482705779697123378&user_id=eq.812169085772890152 "HTTP/2 200 OK"
2026-03-23 10:51:29 [INFO    ] httpx: HTTP Request: GET https://tadbbmsotttrpoyzwgrx.supabase.co/rest/v1/xp_settings?select=%2A&guild_id=eq.1482705779697123378 "HTTP/2 200 OK"
2026-03-23 10:51:29 [INFO    ] httpx: HTTP Request: GET https://tadbbmsotttrpoyzwgrx.supabase.co/rest/v1/xp_profiles?select=last_xp_at&guild_id=eq.1482705779697123378&user_id=eq.812169085772890152 "HTTP/2 200 OK"
2026-03-23 10:51:29 [INFO    ] google_genai.models: AFC is enabled with max remote calls: 10.
2026-03-23 10:51:33 [INFO    ] httpx: HTTP Request: POST https://generativelanguage.googleapis.com/v1beta/models/gemini-3-flash-preview:generateContent "HTTP/1.1 200 OK"
2026-03-23 10:51:33 [INFO    ] google_genai.models: AFC is enabled with max remote calls: 10.
2026-03-23 10:51:35 [INFO    ] httpx: HTTP Request: POST https://generativelanguage.googleapis.com/v1beta/models/gemini-3-flash-preview:generateContent "HTTP/1.1 200 OK"
2026-03-23 10:51:35 [INFO    ] cogs.ai: Generated Web Queries: ['best anime based on web novels', 'best anime based on webtoons']
2026-03-23 10:51:35 [INFO    ] primp: response: https://grokipedia.com/api/typeahead?query=best+anime+based+on+web+novels&limit=1 200
2026-03-23 10:51:35 [INFO    ] primp: response: https://en.wikipedia.org/w/api.php?action=opensearch&profile=fuzzy&limit=1&search=best%20anime%20based%20on%20web%20novels 200
2026-03-23 10:51:36 [INFO    ] primp: response: https://www.mojeek.com/search?q=best+anime+based+on+web+novels 200
2026-03-23 10:51:37 [INFO    ] primp: response: https://grokipedia.com/api/typeahead?query=best+anime+based+on+webtoons&limit=1 200
2026-03-23 10:51:38 [INFO    ] primp: response: https://en.wikipedia.org/w/api.php?action=opensearch&profile=fuzzy&limit=1&search=best%20anime%20based%20on%20webtoons 200
2026-03-23 10:51:38 [INFO    ] primp: response: https://search.yahoo.com/search;_ylt=z1r2ePdJzyJFJxQCd9Ae4KyB;_ylu=nQ1gf5zKo5bRPJaw3G4q-bhR5w2p79uGYRUm9tZHmAJpAHI?p=best+anime+based+on+webtoons 200
2026-03-23 10:51:40 [INFO    ] google_genai.models: AFC is enabled with max remote calls: 10.
2026-03-23 10:51:42 [INFO    ] httpx: HTTP Request: POST https://generativelanguage.googleapis.com/v1beta/models/gemini-3.1-flash-lite-preview:generateContent "HTTP/1.1 200 OK"
2026-03-23 10:51:42 [INFO    ] httpx: HTTP Request: GET https://tadbbmsotttrpoyzwgrx.supabase.co/rest/v1/ai_interactions?select=interaction_count&guild_id=eq.1482705779697123378&user_id=eq.812169085772890152 "HTTP/2 200 OK"
2026-03-23 10:51:42 [INFO    ] httpx: HTTP Request: PATCH https://tadbbmsotttrpoyzwgrx.supabase.co/rest/v1/ai_interactions?guild_id=eq.1482705779697123378&user_id=eq.812169085772890152 "HTTP/2 200 OK"
2026-03-23 10:53:35 [INFO    ] httpx: HTTP Request: GET https://tadbbmsotttrpoyzwgrx.supabase.co/rest/v1/xp_settings?select=%2A&guild_id=eq.1482705779697123378 "HTTP/2 200 OK"
2026-03-23 10:53:35 [INFO    ] httpx: HTTP Request: GET https://tadbbmsotttrpoyzwgrx.supabase.co/rest/v1/xp_profiles?select=last_xp_at&guild_id=eq.1482705779697123378&user_id=eq.1473975741665251440 "HTTP/2 200 OK"
2026-03-23 10:53:35 [INFO    ] httpx: HTTP Request: GET https://tadbbmsotttrpoyzwgrx.supabase.co/rest/v1/xp_profiles?select=%2A&guild_id=eq.1482705779697123378&user_id=eq.1473975741665251440 "HTTP/2 200 OK"
2026-03-23 10:53:36 [INFO    ] httpx: HTTP Request: PATCH https://tadbbmsotttrpoyzwgrx.supabase.co/rest/v1/xp_profiles?guild_id=eq.1482705779697123378&user_id=eq.1473975741665251440 "HTTP/2 200 OK"
2026-03-23 10:53:36 [INFO    ] httpx: HTTP Request: GET https://tadbbmsotttrpoyzwgrx.supabase.co/rest/v1/user_badges?select=badge_key&guild_id=eq.1482705779697123378&user_id=eq.1473975741665251440 "HTTP/2 200 OK"
2026-03-23 10:53:36 [INFO    ] google_genai.models: AFC is enabled with max remote calls: 10.
2026-03-23 10:53:39 [INFO    ] httpx: HTTP Request: POST https://generativelanguage.googleapis.com/v1beta/models/gemini-3-flash-preview:generateContent "HTTP/1.1 200 OK"
2026-03-23 10:53:39 [INFO    ] google_genai.models: AFC is enabled with max remote calls: 10.
2026-03-23 10:53:41 [INFO    ] httpx: HTTP Request: POST https://generativelanguage.googleapis.com/v1beta/models/gemini-3-flash-preview:generateContent "HTTP/1.1 200 OK"
2026-03-23 10:53:41 [INFO    ] google_genai.models: AFC is enabled with max remote calls: 10.
2026-03-23 10:53:43 [INFO    ] httpx: HTTP Request: POST https://generativelanguage.googleapis.com/v1beta/models/gemini-3.1-flash-lite-preview:generateContent "HTTP/1.1 200 OK"
2026-03-23 10:53:43 [INFO    ] httpx: HTTP Request: GET https://tadbbmsotttrpoyzwgrx.supabase.co/rest/v1/ai_interactions?select=interaction_count&guild_id=eq.1482705779697123378&user_id=eq.1473975741665251440 "HTTP/2 200 OK"
2026-03-23 10:53:43 [INFO    ] httpx: HTTP Request: POST https://tadbbmsotttrpoyzwgrx.supabase.co/rest/v1/ai_interactions "HTTP/2 201 Created"
2026-03-23 10:54:30 [INFO    ] httpx: HTTP Request: GET https://tadbbmsotttrpoyzwgrx.supabase.co/rest/v1/xp_settings?select=%2A&guild_id=eq.1482705779697123378 "HTTP/2 200 OK"
2026-03-23 10:54:30 [INFO    ] httpx: HTTP Request: GET https://tadbbmsotttrpoyzwgrx.supabase.co/rest/v1/xp_profiles?select=last_xp_at&guild_id=eq.1482705779697123378&user_id=eq.1473975741665251440 "HTTP/2 200 OK"
2026-03-23 10:54:31 [INFO    ] google_genai.models: AFC is enabled with max remote calls: 10.
2026-03-23 10:54:33 [INFO    ] httpx: HTTP Request: POST https://generativelanguage.googleapis.com/v1beta/models/gemini-3-flash-preview:generateContent "HTTP/1.1 200 OK"
2026-03-23 10:54:33 [INFO    ] google_genai.models: AFC is enabled with max remote calls: 10.
2026-03-23 10:54:36 [INFO    ] httpx: HTTP Request: POST https://generativelanguage.googleapis.com/v1beta/models/gemini-3-flash-preview:generateContent "HTTP/1.1 200 OK"
2026-03-23 10:54:36 [INFO    ] google_genai.models: AFC is enabled with max remote calls: 10.
2026-03-23 10:54:39 [INFO    ] httpx: HTTP Request: POST https://generativelanguage.googleapis.com/v1beta/models/gemini-3-flash-preview:generateContent "HTTP/1.1 200 OK"
2026-03-23 10:54:39 [INFO    ] google_genai.models: AFC is enabled with max remote calls: 10.
2026-03-23 10:54:40 [INFO    ] httpx: HTTP Request: POST https://generativelanguage.googleapis.com/v1beta/models/gemini-3.1-flash-lite-preview:generateContent "HTTP/1.1 200 OK"
2026-03-23 10:54:41 [INFO    ] httpx: HTTP Request: GET https://tadbbmsotttrpoyzwgrx.supabase.co/rest/v1/ai_interactions?select=interaction_count&guild_id=eq.1482705779697123378&user_id=eq.1473975741665251440 "HTTP/2 200 OK"
2026-03-23 10:54:41 [INFO    ] httpx: HTTP Request: PATCH https://tadbbmsotttrpoyzwgrx.supabase.co/rest/v1/ai_interactions?guild_id=eq.1482705779697123378&user_id=eq.1473975741665251440 "HTTP/2 200 OK"
2026-03-23 11:03:37 [WARNING ] discord.client: PyNaCl is not installed, voice will NOT be supported
2026-03-23 11:03:37 [WARNING ] discord.client: davey is not installed, voice will NOT be supported
2026-03-23 11:03:37 [INFO    ] discord.client: logging in using static token
2026-03-23 11:03:38 [INFO    ] db.client: Supabase client initialised.
2026-03-23 11:03:40 [INFO    ] httpx: HTTP Request: GET https://tadbbmsotttrpoyzwgrx.supabase.co/rest/v1/auto_web_guilds?select=guild_id "HTTP/2 200 OK"
2026-03-23 11:03:40 [INFO    ] httpx: HTTP Request: GET https://tadbbmsotttrpoyzwgrx.supabase.co/rest/v1/auto_web_users?select=user_id "HTTP/2 200 OK"
2026-03-23 11:03:41 [INFO    ] cogs.ai: Gemini AI client successfully initialized.
2026-03-23 11:03:41 [INFO    ] bot: Loaded cog: cogs.ai
2026-03-23 11:03:41 [INFO    ] bot: Loaded cog: cogs.general
2026-03-23 11:03:41 [INFO    ] bot: Loaded cog: cogs.levels
2026-03-23 11:03:41 [INFO    ] bot: Loaded cog: cogs.moderation
2026-03-23 11:03:41 [INFO    ] bot: Loaded cog: cogs.rules
2026-03-23 11:03:41 [INFO    ] bot: Loaded cog: cogs.xp
2026-03-23 11:03:42 [INFO    ] bot: Slash commands synced.
2026-03-23 11:03:42 [INFO    ] bot: Admin web panel running on port 8080 (http://0.0.0.0:8080/)
2026-03-23 11:03:42 [INFO    ] discord.gateway: Shard ID None has connected to Gateway (Session ID: df814cad3b689adf29f1e8641b41a7b1).
2026-03-23 11:03:44 [INFO    ] bot: Logged in as Catalog#0564 (ID: 1482728261422157865)
2026-03-23 11:03:45 [INFO    ] httpx: HTTP Request: GET https://tadbbmsotttrpoyzwgrx.supabase.co/rest/v1/rank_tiers?select=level_min&guild_id=eq.1482705779697123378&limit=1 "HTTP/2 200 OK"
2026-03-23 11:04:46 [INFO    ] aiohttp.access: 127.0.0.1 [23/Mar/2026:11:04:46 +0300] "GET / HTTP/1.1" 200 8318 "-" "Mozilla/5.0 (Windows NT 10.0; Win64; x64) AppleWebKit/537.36 (KHTML, like Gecko) Chrome/146.0.0.0 Safari/537.36"
2026-03-23 11:04:50 [INFO    ] aiohttp.access: 127.0.0.1 [23/Mar/2026:11:04:50 +0300] "GET / HTTP/1.1" 200 8318 "-" "Mozilla/5.0 (Windows NT 10.0; Win64; x64) AppleWebKit/537.36 (KHTML, like Gecko) Chrome/146.0.0.0 Safari/537.36"
2026-03-23 11:04:54 [INFO    ] httpx: HTTP Request: GET https://tadbbmsotttrpoyzwgrx.supabase.co/rest/v1/xp_settings?select=%2A&guild_id=eq.1482705779697123378 "HTTP/2 200 OK"
2026-03-23 11:04:54 [INFO    ] httpx: HTTP Request: GET https://tadbbmsotttrpoyzwgrx.supabase.co/rest/v1/xp_profiles?select=last_xp_at&guild_id=eq.1482705779697123378&user_id=eq.1473975741665251440 "HTTP/2 200 OK"
2026-03-23 11:04:54 [INFO    ] httpx: HTTP Request: GET https://tadbbmsotttrpoyzwgrx.supabase.co/rest/v1/xp_profiles?select=%2A&guild_id=eq.1482705779697123378&user_id=eq.1473975741665251440 "HTTP/2 200 OK"
2026-03-23 11:04:54 [INFO    ] httpx: HTTP Request: PATCH https://tadbbmsotttrpoyzwgrx.supabase.co/rest/v1/xp_profiles?guild_id=eq.1482705779697123378&user_id=eq.1473975741665251440 "HTTP/2 200 OK"
2026-03-23 11:04:54 [INFO    ] httpx: HTTP Request: GET https://tadbbmsotttrpoyzwgrx.supabase.co/rest/v1/user_badges?select=badge_key&guild_id=eq.1482705779697123378&user_id=eq.1473975741665251440 "HTTP/2 200 OK"
2026-03-23 11:05:02 [INFO    ] httpx: HTTP Request: GET https://tadbbmsotttrpoyzwgrx.supabase.co/rest/v1/xp_settings?select=%2A&guild_id=eq.1482705779697123378 "HTTP/2 200 OK"
2026-03-23 11:05:02 [INFO    ] httpx: HTTP Request: GET https://tadbbmsotttrpoyzwgrx.supabase.co/rest/v1/xp_profiles?select=last_xp_at&guild_id=eq.1482705779697123378&user_id=eq.1473975741665251440 "HTTP/2 200 OK"
2026-03-23 11:05:03 [INFO    ] google_genai.models: AFC is enabled with max remote calls: 10.
2026-03-23 11:05:06 [INFO    ] httpx: HTTP Request: POST https://generativelanguage.googleapis.com/v1beta/models/gemini-3-flash-preview:generateContent "HTTP/1.1 200 OK"
2026-03-23 11:05:06 [INFO    ] google_genai.models: AFC is enabled with max remote calls: 10.
2026-03-23 11:05:08 [INFO    ] httpx: HTTP Request: POST https://generativelanguage.googleapis.com/v1beta/models/gemini-3-flash-preview:generateContent "HTTP/1.1 200 OK"
2026-03-23 11:05:08 [INFO    ] google_genai.models: AFC is enabled with max remote calls: 10.
2026-03-23 11:05:09 [INFO    ] httpx: HTTP Request: POST https://generativelanguage.googleapis.com/v1beta/models/gemini-3-flash-preview:generateContent "HTTP/1.1 429 Too Many Requests"
2026-03-23 11:05:09 [WARNING ] cogs.ai: Memory summarize error: 429 RESOURCE_EXHAUSTED. {'error': {'code': 429, 'message': 'You exceeded your current quota, please check your plan and billing details. For more information on this error, head to: https://ai.google.dev/gemini-api/docs/rate-limits. To monitor your current usage, head to: https://ai.dev/rate-limit. \n* Quota exceeded for metric: generativelanguage.googleapis.com/generate_content_free_tier_requests, limit: 20, model: gemini-3-flash\nPlease retry in 51.048611808s.', 'status': 'RESOURCE_EXHAUSTED', 'details': [{'@type': 'type.googleapis.com/google.rpc.Help', 'links': [{'description': 'Learn more about Gemini API quotas', 'url': 'https://ai.google.dev/gemini-api/docs/rate-limits'}]}, {'@type': 'type.googleapis.com/google.rpc.QuotaFailure', 'violations': [{'quotaMetric': 'generativelanguage.googleapis.com/generate_content_free_tier_requests', 'quotaId': 'GenerateRequestsPerDayPerProjectPerModel-FreeTier', 'quotaDimensions': {'location': 'global', 'model': 'gemini-3-flash'}, 'quotaValue': '20'}]}, {'@type': 'type.googleapis.com/google.rpc.RetryInfo', 'retryDelay': '51s'}]}}
2026-03-23 11:05:09 [INFO    ] google_genai.models: AFC is enabled with max remote calls: 10.
2026-03-23 11:05:15 [INFO    ] httpx: HTTP Request: POST https://generativelanguage.googleapis.com/v1beta/models/gemini-3.1-flash-lite-preview:generateContent "HTTP/1.1 200 OK"
2026-03-23 11:05:16 [INFO    ] httpx: HTTP Request: GET https://tadbbmsotttrpoyzwgrx.supabase.co/rest/v1/ai_interactions?select=interaction_count&guild_id=eq.1482705779697123378&user_id=eq.1473975741665251440 "HTTP/2 200 OK"
2026-03-23 11:05:16 [INFO    ] httpx: HTTP Request: PATCH https://tadbbmsotttrpoyzwgrx.supabase.co/rest/v1/ai_interactions?guild_id=eq.1482705779697123378&user_id=eq.1473975741665251440 "HTTP/2 200 OK"
2026-03-23 11:05:58 [INFO    ] google_genai.models: AFC is enabled with max remote calls: 10.
2026-03-23 11:06:00 [INFO    ] httpx: HTTP Request: POST https://generativelanguage.googleapis.com/v1beta/models/gemini-3.1-flash-lite-preview:generateContent "HTTP/1.1 200 OK"
2026-03-23 11:06:00 [INFO    ] httpx: HTTP Request: GET https://tadbbmsotttrpoyzwgrx.supabase.co/rest/v1/ai_interactions?select=interaction_count&guild_id=eq.1482705779697123378&user_id=eq.1473975741665251440 "HTTP/2 200 OK"
2026-03-23 11:06:00 [INFO    ] httpx: HTTP Request: PATCH https://tadbbmsotttrpoyzwgrx.supabase.co/rest/v1/ai_interactions?guild_id=eq.1482705779697123378&user_id=eq.1473975741665251440 "HTTP/2 200 OK"
2026-03-23 11:06:12 [INFO    ] google_genai.models: AFC is enabled with max remote calls: 10.
2026-03-23 11:06:14 [INFO    ] httpx: HTTP Request: POST https://generativelanguage.googleapis.com/v1beta/models/gemini-3.1-flash-lite-preview:generateContent "HTTP/1.1 200 OK"
2026-03-23 11:06:14 [INFO    ] httpx: HTTP Request: GET https://tadbbmsotttrpoyzwgrx.supabase.co/rest/v1/ai_interactions?select=interaction_count&guild_id=eq.1482705779697123378&user_id=eq.1473975741665251440 "HTTP/2 200 OK"
2026-03-23 11:06:15 [INFO    ] httpx: HTTP Request: PATCH https://tadbbmsotttrpoyzwgrx.supabase.co/rest/v1/ai_interactions?guild_id=eq.1482705779697123378&user_id=eq.1473975741665251440 "HTTP/2 200 OK"
2026-03-23 11:07:24 [INFO    ] httpx: HTTP Request: GET https://tadbbmsotttrpoyzwgrx.supabase.co/rest/v1/xp_settings?select=%2A&guild_id=eq.1482705779697123378 "HTTP/2 200 OK"
2026-03-23 11:07:24 [INFO    ] httpx: HTTP Request: GET https://tadbbmsotttrpoyzwgrx.supabase.co/rest/v1/xp_profiles?select=last_xp_at&guild_id=eq.1482705779697123378&user_id=eq.1473975741665251440 "HTTP/2 200 OK"
2026-03-23 11:07:24 [INFO    ] httpx: HTTP Request: GET https://tadbbmsotttrpoyzwgrx.supabase.co/rest/v1/xp_profiles?select=%2A&guild_id=eq.1482705779697123378&user_id=eq.1473975741665251440 "HTTP/2 200 OK"
2026-03-23 11:07:24 [INFO    ] httpx: HTTP Request: PATCH https://tadbbmsotttrpoyzwgrx.supabase.co/rest/v1/xp_profiles?guild_id=eq.1482705779697123378&user_id=eq.1473975741665251440 "HTTP/2 200 OK"
2026-03-23 11:07:24 [INFO    ] httpx: HTTP Request: GET https://tadbbmsotttrpoyzwgrx.supabase.co/rest/v1/user_badges?select=badge_key&guild_id=eq.1482705779697123378&user_id=eq.1473975741665251440 "HTTP/2 200 OK"
2026-03-23 11:07:25 [INFO    ] google_genai.models: AFC is enabled with max remote calls: 10.
2026-03-23 11:07:25 [INFO    ] httpx: HTTP Request: POST https://generativelanguage.googleapis.com/v1beta/models/gemini-3-flash-preview:generateContent "HTTP/1.1 429 Too Many Requests"
2026-03-23 11:07:25 [WARNING ] cogs.ai: Memory summarize error: 429 RESOURCE_EXHAUSTED. {'error': {'code': 429, 'message': 'You exceeded your current quota, please check your plan and billing details. For more information on this error, head to: https://ai.google.dev/gemini-api/docs/rate-limits. To monitor your current usage, head to: https://ai.dev/rate-limit. \n* Quota exceeded for metric: generativelanguage.googleapis.com/generate_content_free_tier_requests, limit: 20, model: gemini-3-flash\nPlease retry in 34.651851157s.', 'status': 'RESOURCE_EXHAUSTED', 'details': [{'@type': 'type.googleapis.com/google.rpc.Help', 'links': [{'description': 'Learn more about Gemini API quotas', 'url': 'https://ai.google.dev/gemini-api/docs/rate-limits'}]}, {'@type': 'type.googleapis.com/google.rpc.QuotaFailure', 'violations': [{'quotaMetric': 'generativelanguage.googleapis.com/generate_content_free_tier_requests', 'quotaId': 'GenerateRequestsPerDayPerProjectPerModel-FreeTier', 'quotaDimensions': {'location': 'global', 'model': 'gemini-3-flash'}, 'quotaValue': '20'}]}, {'@type': 'type.googleapis.com/google.rpc.RetryInfo', 'retryDelay': '34s'}]}}
2026-03-23 11:07:25 [INFO    ] google_genai.models: AFC is enabled with max remote calls: 10.
2026-03-23 11:07:25 [INFO    ] httpx: HTTP Request: POST https://generativelanguage.googleapis.com/v1beta/models/gemini-3-flash-preview:generateContent "HTTP/1.1 429 Too Many Requests"
2026-03-23 11:07:25 [WARNING ] cogs.ai: Memory summarize error: 429 RESOURCE_EXHAUSTED. {'error': {'code': 429, 'message': 'You exceeded your current quota, please check your plan and billing details. For more information on this error, head to: https://ai.google.dev/gemini-api/docs/rate-limits. To monitor your current usage, head to: https://ai.dev/rate-limit. \n* Quota exceeded for metric: generativelanguage.googleapis.com/generate_content_free_tier_requests, limit: 20, model: gemini-3-flash\nPlease retry in 34.531213619s.', 'status': 'RESOURCE_EXHAUSTED', 'details': [{'@type': 'type.googleapis.com/google.rpc.Help', 'links': [{'description': 'Learn more about Gemini API quotas', 'url': 'https://ai.google.dev/gemini-api/docs/rate-limits'}]}, {'@type': 'type.googleapis.com/google.rpc.QuotaFailure', 'violations': [{'quotaMetric': 'generativelanguage.googleapis.com/generate_content_free_tier_requests', 'quotaId': 'GenerateRequestsPerDayPerProjectPerModel-FreeTier', 'quotaDimensions': {'location': 'global', 'model': 'gemini-3-flash'}, 'quotaValue': '20'}]}, {'@type': 'type.googleapis.com/google.rpc.RetryInfo', 'retryDelay': '34s'}]}}
2026-03-23 11:07:25 [INFO    ] google_genai.models: AFC is enabled with max remote calls: 10.
2026-03-23 11:07:25 [INFO    ] httpx: HTTP Request: POST https://generativelanguage.googleapis.com/v1beta/models/gemini-3-flash-preview:generateContent "HTTP/1.1 429 Too Many Requests"
2026-03-23 11:07:25 [WARNING ] cogs.ai: Memory summarize error: 429 RESOURCE_EXHAUSTED. {'error': {'code': 429, 'message': 'You exceeded your current quota, please check your plan and billing details. For more information on this error, head to: https://ai.google.dev/gemini-api/docs/rate-limits. To monitor your current usage, head to: https://ai.dev/rate-limit. \n* Quota exceeded for metric: generativelanguage.googleapis.com/generate_content_free_tier_requests, limit: 20, model: gemini-3-flash\nPlease retry in 34.424288796s.', 'status': 'RESOURCE_EXHAUSTED', 'details': [{'@type': 'type.googleapis.com/google.rpc.Help', 'links': [{'description': 'Learn more about Gemini API quotas', 'url': 'https://ai.google.dev/gemini-api/docs/rate-limits'}]}, {'@type': 'type.googleapis.com/google.rpc.QuotaFailure', 'violations': [{'quotaMetric': 'generativelanguage.googleapis.com/generate_content_free_tier_requests', 'quotaId': 'GenerateRequestsPerDayPerProjectPerModel-FreeTier', 'quotaDimensions': {'model': 'gemini-3-flash', 'location': 'global'}, 'quotaValue': '20'}]}, {'@type': 'type.googleapis.com/google.rpc.RetryInfo', 'retryDelay': '34s'}]}}
2026-03-23 11:07:25 [INFO    ] google_genai.models: AFC is enabled with max remote calls: 10.
2026-03-23 11:07:27 [INFO    ] httpx: HTTP Request: POST https://generativelanguage.googleapis.com/v1beta/models/gemini-3.1-flash-lite-preview:generateContent "HTTP/1.1 200 OK"
2026-03-23 11:07:27 [INFO    ] httpx: HTTP Request: GET https://tadbbmsotttrpoyzwgrx.supabase.co/rest/v1/ai_interactions?select=interaction_count&guild_id=eq.1482705779697123378&user_id=eq.1473975741665251440 "HTTP/2 200 OK"
2026-03-23 11:07:28 [INFO    ] httpx: HTTP Request: PATCH https://tadbbmsotttrpoyzwgrx.supabase.co/rest/v1/ai_interactions?guild_id=eq.1482705779697123378&user_id=eq.1473975741665251440 "HTTP/2 200 OK"
2026-03-23 11:08:33 [INFO    ] google_genai.models: AFC is enabled with max remote calls: 10.
2026-03-23 11:09:48 [INFO    ] httpx: HTTP Request: POST https://generativelanguage.googleapis.com/v1beta/models/gemini-3.1-flash-lite-preview:generateContent "HTTP/1.1 200 OK"
2026-03-23 11:09:49 [INFO    ] httpx: HTTP Request: GET https://tadbbmsotttrpoyzwgrx.supabase.co/rest/v1/ai_interactions?select=interaction_count&guild_id=eq.1482705779697123378&user_id=eq.1473975741665251440 "HTTP/2 200 OK"
2026-03-23 11:09:49 [INFO    ] httpx: HTTP Request: PATCH https://tadbbmsotttrpoyzwgrx.supabase.co/rest/v1/ai_interactions?guild_id=eq.1482705779697123378&user_id=eq.1473975741665251440 "HTTP/2 200 OK"
2026-03-23 11:11:02 [WARNING ] discord.client: PyNaCl is not installed, voice will NOT be supported
2026-03-23 11:11:02 [WARNING ] discord.client: davey is not installed, voice will NOT be supported
2026-03-23 11:11:02 [INFO    ] discord.client: logging in using static token
2026-03-23 11:11:04 [INFO    ] db.client: Supabase client initialised.
2026-03-23 11:11:05 [INFO    ] httpx: HTTP Request: GET https://tadbbmsotttrpoyzwgrx.supabase.co/rest/v1/auto_web_guilds?select=guild_id "HTTP/2 200 OK"
2026-03-23 11:11:05 [INFO    ] httpx: HTTP Request: GET https://tadbbmsotttrpoyzwgrx.supabase.co/rest/v1/auto_web_users?select=user_id "HTTP/2 200 OK"
2026-03-23 11:11:06 [INFO    ] cogs.ai: Gemini AI client successfully initialized.
2026-03-23 11:11:06 [INFO    ] bot: Loaded cog: cogs.ai
2026-03-23 11:11:06 [INFO    ] bot: Loaded cog: cogs.general
2026-03-23 11:11:06 [INFO    ] bot: Loaded cog: cogs.levels
2026-03-23 11:11:06 [INFO    ] bot: Loaded cog: cogs.moderation
2026-03-23 11:11:06 [INFO    ] bot: Loaded cog: cogs.rules
2026-03-23 11:11:06 [INFO    ] bot: Loaded cog: cogs.xp
2026-03-23 11:11:07 [INFO    ] bot: Slash commands synced.
2026-03-23 11:11:07 [INFO    ] bot: Admin web panel running on port 8080 (http://0.0.0.0:8080/)
2026-03-23 11:11:08 [INFO    ] discord.gateway: Shard ID None has connected to Gateway (Session ID: fe7793c6bb5d08e748814d1edb198867).
2026-03-23 11:11:10 [INFO    ] bot: Logged in as Catalog#0564 (ID: 1482728261422157865)
2026-03-23 11:11:10 [INFO    ] httpx: HTTP Request: GET https://tadbbmsotttrpoyzwgrx.supabase.co/rest/v1/rank_tiers?select=level_min&guild_id=eq.1482705779697123378&limit=1 "HTTP/2 200 OK"
2026-03-23 11:11:18 [INFO    ] aiohttp.access: 127.0.0.1 [23/Mar/2026:11:11:18 +0300] "GET / HTTP/1.1" 200 8824 "-" "Mozilla/5.0 (Windows NT 10.0; Win64; x64) AppleWebKit/537.36 (KHTML, like Gecko) Chrome/146.0.0.0 Safari/537.36"
2026-03-23 11:11:27 [INFO    ] web: Governance Configuration updated via Web Admin
2026-03-23 11:11:27 [INFO    ] aiohttp.access: 127.0.0.1 [23/Mar/2026:11:11:27 +0300] "POST /update HTTP/1.1" 302 179 "http://localhost:8080/" "Mozilla/5.0 (Windows NT 10.0; Win64; x64) AppleWebKit/537.36 (KHTML, like Gecko) Chrome/146.0.0.0 Safari/537.36"
2026-03-23 11:11:27 [INFO    ] aiohttp.access: 127.0.0.1 [23/Mar/2026:11:11:27 +0300] "GET / HTTP/1.1" 200 8824 "http://localhost:8080/" "Mozilla/5.0 (Windows NT 10.0; Win64; x64) AppleWebKit/537.36 (KHTML, like Gecko) Chrome/146.0.0.0 Safari/537.36"
2026-03-23 11:11:40 [INFO    ] web: Governance Configuration updated via Web Admin
2026-03-23 11:11:40 [INFO    ] aiohttp.access: 127.0.0.1 [23/Mar/2026:11:11:40 +0300] "POST /update HTTP/1.1" 302 179 "http://localhost:8080/" "Mozilla/5.0 (Windows NT 10.0; Win64; x64) AppleWebKit/537.36 (KHTML, like Gecko) Chrome/146.0.0.0 Safari/537.36"
2026-03-23 11:11:40 [INFO    ] aiohttp.access: 127.0.0.1 [23/Mar/2026:11:11:40 +0300] "GET / HTTP/1.1" 200 8825 "http://localhost:8080/" "Mozilla/5.0 (Windows NT 10.0; Win64; x64) AppleWebKit/537.36 (KHTML, like Gecko) Chrome/146.0.0.0 Safari/537.36"
2026-03-23 11:11:42 [INFO    ] google_genai.models: AFC is enabled with max remote calls: 10.
2026-03-23 11:11:43 [INFO    ] httpx: HTTP Request: POST https://generativelanguage.googleapis.com/v1beta/models/gemini-3.1-flash-lite-preview:generateContent "HTTP/1.1 200 OK"
2026-03-23 11:11:44 [INFO    ] httpx: HTTP Request: GET https://tadbbmsotttrpoyzwgrx.supabase.co/rest/v1/ai_interactions?select=interaction_count&guild_id=eq.1482705779697123378&user_id=eq.1473975741665251440 "HTTP/2 200 OK"
2026-03-23 11:11:44 [INFO    ] httpx: HTTP Request: PATCH https://tadbbmsotttrpoyzwgrx.supabase.co/rest/v1/ai_interactions?guild_id=eq.1482705779697123378&user_id=eq.1473975741665251440 "HTTP/2 200 OK"
2026-03-23 11:11:51 [INFO    ] web: Governance Configuration updated via Web Admin
2026-03-23 11:11:51 [INFO    ] aiohttp.access: 127.0.0.1 [23/Mar/2026:11:11:51 +0300] "POST /update HTTP/1.1" 302 179 "http://localhost:8080/" "Mozilla/5.0 (Windows NT 10.0; Win64; x64) AppleWebKit/537.36 (KHTML, like Gecko) Chrome/146.0.0.0 Safari/537.36"
2026-03-23 11:11:51 [INFO    ] aiohttp.access: 127.0.0.1 [23/Mar/2026:11:11:51 +0300] "GET / HTTP/1.1" 200 8824 "http://localhost:8080/" "Mozilla/5.0 (Windows NT 10.0; Win64; x64) AppleWebKit/537.36 (KHTML, like Gecko) Chrome/146.0.0.0 Safari/537.36"
2026-03-23 11:11:53 [INFO    ] web: Governance Configuration updated via Web Admin
2026-03-23 11:11:53 [INFO    ] aiohttp.access: 127.0.0.1 [23/Mar/2026:11:11:53 +0300] "POST /update HTTP/1.1" 302 179 "http://localhost:8080/" "Mozilla/5.0 (Windows NT 10.0; Win64; x64) AppleWebKit/537.36 (KHTML, like Gecko) Chrome/146.0.0.0 Safari/537.36"
2026-03-23 11:11:53 [INFO    ] aiohttp.access: 127.0.0.1 [23/Mar/2026:11:11:53 +0300] "GET / HTTP/1.1" 200 8825 "http://localhost:8080/" "Mozilla/5.0 (Windows NT 10.0; Win64; x64) AppleWebKit/537.36 (KHTML, like Gecko) Chrome/146.0.0.0 Safari/537.36"
2026-03-23 11:12:24 [INFO    ] httpx: HTTP Request: GET https://tadbbmsotttrpoyzwgrx.supabase.co/rest/v1/xp_settings?select=%2A&guild_id=eq.1482705779697123378 "HTTP/2 200 OK"
2026-03-23 11:12:24 [INFO    ] httpx: HTTP Request: GET https://tadbbmsotttrpoyzwgrx.supabase.co/rest/v1/xp_profiles?select=last_xp_at&guild_id=eq.1482705779697123378&user_id=eq.1473975741665251440 "HTTP/2 200 OK"
2026-03-23 11:12:24 [INFO    ] httpx: HTTP Request: GET https://tadbbmsotttrpoyzwgrx.supabase.co/rest/v1/xp_profiles?select=%2A&guild_id=eq.1482705779697123378&user_id=eq.1473975741665251440 "HTTP/2 200 OK"
2026-03-23 11:12:24 [INFO    ] httpx: HTTP Request: PATCH https://tadbbmsotttrpoyzwgrx.supabase.co/rest/v1/xp_profiles?guild_id=eq.1482705779697123378&user_id=eq.1473975741665251440 "HTTP/2 200 OK"
2026-03-23 11:12:24 [INFO    ] httpx: HTTP Request: GET https://tadbbmsotttrpoyzwgrx.supabase.co/rest/v1/user_badges?select=badge_key&guild_id=eq.1482705779697123378&user_id=eq.1473975741665251440 "HTTP/2 200 OK"
2026-03-23 11:12:24 [INFO    ] google_genai.models: AFC is enabled with max remote calls: 10.
2026-03-23 11:12:25 [INFO    ] httpx: HTTP Request: POST https://generativelanguage.googleapis.com/v1beta/models/gemini-3-flash-preview:generateContent "HTTP/1.1 429 Too Many Requests"
2026-03-23 11:12:25 [WARNING ] cogs.ai: API key 1 rate limited. Switching to GEMINI_API_KEY backup...
2026-03-23 11:12:26 [INFO    ] google_genai.models: AFC is enabled with max remote calls: 10.
2026-03-23 11:12:30 [INFO    ] httpx: HTTP Request: POST https://generativelanguage.googleapis.com/v1beta/models/gemini-3-flash-preview:generateContent "HTTP/1.1 200 OK"
2026-03-23 11:12:30 [INFO    ] google_genai.models: AFC is enabled with max remote calls: 10.
2026-03-23 11:12:33 [INFO    ] httpx: HTTP Request: POST https://generativelanguage.googleapis.com/v1beta/models/gemini-3-flash-preview:generateContent "HTTP/1.1 200 OK"
2026-03-23 11:12:33 [INFO    ] google_genai.models: AFC is enabled with max remote calls: 10.
2026-03-23 11:12:35 [INFO    ] httpx: HTTP Request: POST https://generativelanguage.googleapis.com/v1beta/models/gemini-3-flash-preview:generateContent "HTTP/1.1 200 OK"
2026-03-23 11:12:35 [INFO    ] google_genai.models: AFC is enabled with max remote calls: 10.
2026-03-23 11:12:38 [INFO    ] httpx: HTTP Request: POST https://generativelanguage.googleapis.com/v1beta/models/gemini-3-flash-preview:generateContent "HTTP/1.1 200 OK"
2026-03-23 11:12:38 [INFO    ] google_genai.models: AFC is enabled with max remote calls: 10.
2026-03-23 11:12:40 [INFO    ] httpx: HTTP Request: POST https://generativelanguage.googleapis.com/v1beta/models/gemini-3.1-flash-lite-preview:generateContent "HTTP/1.1 200 OK"
2026-03-23 11:12:41 [INFO    ] httpx: HTTP Request: GET https://tadbbmsotttrpoyzwgrx.supabase.co/rest/v1/ai_interactions?select=interaction_count&guild_id=eq.1482705779697123378&user_id=eq.1473975741665251440 "HTTP/2 200 OK"
2026-03-23 11:12:41 [INFO    ] httpx: HTTP Request: PATCH https://tadbbmsotttrpoyzwgrx.supabase.co/rest/v1/ai_interactions?guild_id=eq.1482705779697123378&user_id=eq.1473975741665251440 "HTTP/2 200 OK"
2026-03-23 11:13:45 [INFO    ] httpx: HTTP Request: GET https://tadbbmsotttrpoyzwgrx.supabase.co/rest/v1/xp_settings?select=%2A&guild_id=eq.1482705779697123378 "HTTP/2 200 OK"
2026-03-23 11:13:45 [INFO    ] httpx: HTTP Request: GET https://tadbbmsotttrpoyzwgrx.supabase.co/rest/v1/xp_profiles?select=last_xp_at&guild_id=eq.1482705779697123378&user_id=eq.1473975741665251440 "HTTP/2 200 OK"
2026-03-23 11:13:45 [INFO    ] httpx: HTTP Request: GET https://tadbbmsotttrpoyzwgrx.supabase.co/rest/v1/xp_profiles?select=%2A&guild_id=eq.1482705779697123378&user_id=eq.1473975741665251440 "HTTP/2 200 OK"
2026-03-23 11:13:45 [INFO    ] httpx: HTTP Request: PATCH https://tadbbmsotttrpoyzwgrx.supabase.co/rest/v1/xp_profiles?guild_id=eq.1482705779697123378&user_id=eq.1473975741665251440 "HTTP/2 200 OK"
2026-03-23 11:13:45 [INFO    ] httpx: HTTP Request: GET https://tadbbmsotttrpoyzwgrx.supabase.co/rest/v1/user_badges?select=badge_key&guild_id=eq.1482705779697123378&user_id=eq.1473975741665251440 "HTTP/2 200 OK"
2026-03-23 11:13:46 [INFO    ] google_genai.models: AFC is enabled with max remote calls: 10.
2026-03-23 11:13:49 [INFO    ] httpx: HTTP Request: POST https://generativelanguage.googleapis.com/v1beta/models/gemini-3-flash-preview:generateContent "HTTP/1.1 200 OK"
2026-03-23 11:13:49 [INFO    ] google_genai.models: AFC is enabled with max remote calls: 10.
2026-03-23 11:13:52 [INFO    ] httpx: HTTP Request: POST https://generativelanguage.googleapis.com/v1beta/models/gemini-3-flash-preview:generateContent "HTTP/1.1 200 OK"
2026-03-23 11:13:52 [INFO    ] google_genai.models: AFC is enabled with max remote calls: 10.
2026-03-23 11:13:54 [INFO    ] httpx: HTTP Request: POST https://generativelanguage.googleapis.com/v1beta/models/gemini-3-flash-preview:generateContent "HTTP/1.1 200 OK"
2026-03-23 11:13:54 [INFO    ] google_genai.models: AFC is enabled with max remote calls: 10.
2026-03-23 11:13:56 [INFO    ] httpx: HTTP Request: POST https://generativelanguage.googleapis.com/v1beta/models/gemini-3-flash-preview:generateContent "HTTP/1.1 200 OK"
2026-03-23 11:13:56 [INFO    ] google_genai.models: AFC is enabled with max remote calls: 10.
2026-03-23 11:14:19 [INFO    ] httpx: HTTP Request: POST https://generativelanguage.googleapis.com/v1beta/models/gemini-3-flash-preview:generateContent "HTTP/1.1 200 OK"
2026-03-23 11:14:19 [INFO    ] cogs.ai: Generated Web Queries: ['"YZN" "Catalog" book recommendations heart emoji sun emoji', '"mocking the recipient for using a heart emoji" book recommendations']
2026-03-23 11:14:19 [INFO    ] primp: response: https://grokipedia.com/api/typeahead?query=%22YZN%22+%22Catalog%22+book+recommendations+heart+emoji+sun+emoji&limit=1 200
2026-03-23 11:14:19 [INFO    ] primp: response: https://en.wikipedia.org/w/api.php?action=opensearch&profile=fuzzy&limit=1&search=%22YZN%22%20%22Catalog%22%20book%20recommendations%20heart%20emoji%20sun%20emoji 200
2026-03-23 11:14:20 [INFO    ] primp: response: https://yandex.com/search/site/?text=%22YZN%22+%22Catalog%22+book+recommendations+heart+emoji+sun+emoji&web=1&searchid=9534450 200
2026-03-23 11:14:21 [INFO    ] primp: response: https://grokipedia.com/api/typeahead?query=%22mocking+the+recipient+for+using+a+heart+emoji%22+book+recommendations&limit=1 200
2026-03-23 11:14:21 [INFO    ] primp: response: https://en.wikipedia.org/w/api.php?action=opensearch&profile=fuzzy&limit=1&search=%22mocking%20the%20recipient%20for%20using%20a%20heart%20emoji%22%20book%20recommendations 200
2026-03-23 11:14:22 [INFO    ] primp: response: https://search.brave.com/search?q=%22mocking+the+recipient+for+using+a+heart+emoji%22+book+recommendations&source=web 200
2026-03-23 11:14:23 [INFO    ] google_genai.models: AFC is enabled with max remote calls: 10.
2026-03-23 11:14:25 [INFO    ] httpx: HTTP Request: POST https://generativelanguage.googleapis.com/v1beta/models/gemini-3.1-flash-lite-preview:generateContent "HTTP/1.1 200 OK"
2026-03-23 11:14:25 [INFO    ] httpx: HTTP Request: GET https://tadbbmsotttrpoyzwgrx.supabase.co/rest/v1/ai_interactions?select=interaction_count&guild_id=eq.1482705779697123378&user_id=eq.1473975741665251440 "HTTP/2 200 OK"
2026-03-23 11:14:25 [INFO    ] httpx: HTTP Request: PATCH https://tadbbmsotttrpoyzwgrx.supabase.co/rest/v1/ai_interactions?guild_id=eq.1482705779697123378&user_id=eq.1473975741665251440 "HTTP/2 200 OK"
2026-03-23 11:16:36 [INFO    ] httpx: HTTP Request: GET https://tadbbmsotttrpoyzwgrx.supabase.co/rest/v1/xp_settings?select=%2A&guild_id=eq.1482705779697123378 "HTTP/2 200 OK"
2026-03-23 11:16:36 [INFO    ] httpx: HTTP Request: GET https://tadbbmsotttrpoyzwgrx.supabase.co/rest/v1/xp_profiles?select=last_xp_at&guild_id=eq.1482705779697123378&user_id=eq.1473975741665251440 "HTTP/2 200 OK"
2026-03-23 11:16:36 [INFO    ] httpx: HTTP Request: GET https://tadbbmsotttrpoyzwgrx.supabase.co/rest/v1/xp_profiles?select=%2A&guild_id=eq.1482705779697123378&user_id=eq.1473975741665251440 "HTTP/2 200 OK"
2026-03-23 11:16:36 [INFO    ] httpx: HTTP Request: PATCH https://tadbbmsotttrpoyzwgrx.supabase.co/rest/v1/xp_profiles?guild_id=eq.1482705779697123378&user_id=eq.1473975741665251440 "HTTP/2 200 OK"
2026-03-23 11:16:36 [INFO    ] httpx: HTTP Request: GET https://tadbbmsotttrpoyzwgrx.supabase.co/rest/v1/user_badges?select=badge_key&guild_id=eq.1482705779697123378&user_id=eq.1473975741665251440 "HTTP/2 200 OK"
2026-03-23 11:16:37 [INFO    ] google_genai.models: AFC is enabled with max remote calls: 10.
2026-03-23 11:16:40 [INFO    ] httpx: HTTP Request: POST https://generativelanguage.googleapis.com/v1beta/models/gemini-3-flash-preview:generateContent "HTTP/1.1 200 OK"
2026-03-23 11:16:40 [INFO    ] google_genai.models: AFC is enabled with max remote calls: 10.
2026-03-23 11:16:43 [INFO    ] httpx: HTTP Request: POST https://generativelanguage.googleapis.com/v1beta/models/gemini-3-flash-preview:generateContent "HTTP/1.1 200 OK"
2026-03-23 11:16:43 [INFO    ] google_genai.models: AFC is enabled with max remote calls: 10.
2026-03-23 11:16:45 [INFO    ] httpx: HTTP Request: POST https://generativelanguage.googleapis.com/v1beta/models/gemini-3-flash-preview:generateContent "HTTP/1.1 200 OK"
2026-03-23 11:16:45 [INFO    ] google_genai.models: AFC is enabled with max remote calls: 10.
2026-03-23 11:16:48 [INFO    ] httpx: HTTP Request: POST https://generativelanguage.googleapis.com/v1beta/models/gemini-3-flash-preview:generateContent "HTTP/1.1 200 OK"
2026-03-23 11:16:48 [INFO    ] google_genai.models: AFC is enabled with max remote calls: 10.
2026-03-23 11:16:50 [INFO    ] httpx: HTTP Request: POST https://generativelanguage.googleapis.com/v1beta/models/gemini-3.1-flash-lite-preview:generateContent "HTTP/1.1 200 OK"
2026-03-23 11:16:50 [INFO    ] httpx: HTTP Request: GET https://tadbbmsotttrpoyzwgrx.supabase.co/rest/v1/ai_interactions?select=interaction_count&guild_id=eq.1482705779697123378&user_id=eq.1473975741665251440 "HTTP/2 200 OK"
2026-03-23 11:16:50 [INFO    ] httpx: HTTP Request: PATCH https://tadbbmsotttrpoyzwgrx.supabase.co/rest/v1/ai_interactions?guild_id=eq.1482705779697123378&user_id=eq.1473975741665251440 "HTTP/2 200 OK"
2026-03-23 11:18:22 [INFO    ] httpx: HTTP Request: GET https://tadbbmsotttrpoyzwgrx.supabase.co/rest/v1/xp_settings?select=%2A&guild_id=eq.1482705779697123378 "HTTP/2 200 OK"
2026-03-23 11:18:22 [INFO    ] httpx: HTTP Request: GET https://tadbbmsotttrpoyzwgrx.supabase.co/rest/v1/xp_profiles?select=last_xp_at&guild_id=eq.1482705779697123378&user_id=eq.1473975741665251440 "HTTP/2 200 OK"
2026-03-23 11:18:22 [INFO    ] httpx: HTTP Request: GET https://tadbbmsotttrpoyzwgrx.supabase.co/rest/v1/xp_profiles?select=%2A&guild_id=eq.1482705779697123378&user_id=eq.1473975741665251440 "HTTP/2 200 OK"
2026-03-23 11:18:22 [INFO    ] httpx: HTTP Request: PATCH https://tadbbmsotttrpoyzwgrx.supabase.co/rest/v1/xp_profiles?guild_id=eq.1482705779697123378&user_id=eq.1473975741665251440 "HTTP/2 200 OK"
2026-03-23 11:18:22 [INFO    ] httpx: HTTP Request: GET https://tadbbmsotttrpoyzwgrx.supabase.co/rest/v1/user_badges?select=badge_key&guild_id=eq.1482705779697123378&user_id=eq.1473975741665251440 "HTTP/2 200 OK"
2026-03-23 11:18:23 [INFO    ] google_genai.models: AFC is enabled with max remote calls: 10.
2026-03-23 11:18:26 [INFO    ] httpx: HTTP Request: POST https://generativelanguage.googleapis.com/v1beta/models/gemini-3-flash-preview:generateContent "HTTP/1.1 200 OK"
2026-03-23 11:18:26 [INFO    ] google_genai.models: AFC is enabled with max remote calls: 10.
2026-03-23 11:18:28 [INFO    ] httpx: HTTP Request: POST https://generativelanguage.googleapis.com/v1beta/models/gemini-3-flash-preview:generateContent "HTTP/1.1 200 OK"
2026-03-23 11:18:28 [INFO    ] google_genai.models: AFC is enabled with max remote calls: 10.
2026-03-23 11:18:30 [INFO    ] httpx: HTTP Request: POST https://generativelanguage.googleapis.com/v1beta/models/gemini-3-flash-preview:generateContent "HTTP/1.1 200 OK"
2026-03-23 11:18:30 [INFO    ] google_genai.models: AFC is enabled with max remote calls: 10.
2026-03-23 11:18:33 [INFO    ] httpx: HTTP Request: POST https://generativelanguage.googleapis.com/v1beta/models/gemini-3-flash-preview:generateContent "HTTP/1.1 200 OK"
2026-03-23 11:18:33 [INFO    ] google_genai.models: AFC is enabled with max remote calls: 10.
2026-03-23 11:18:35 [INFO    ] httpx: HTTP Request: POST https://generativelanguage.googleapis.com/v1beta/models/gemini-3.1-flash-lite-preview:generateContent "HTTP/1.1 200 OK"
2026-03-23 11:18:36 [INFO    ] httpx: HTTP Request: GET https://tadbbmsotttrpoyzwgrx.supabase.co/rest/v1/ai_interactions?select=interaction_count&guild_id=eq.1482705779697123378&user_id=eq.1473975741665251440 "HTTP/2 200 OK"
2026-03-23 11:18:36 [INFO    ] httpx: HTTP Request: PATCH https://tadbbmsotttrpoyzwgrx.supabase.co/rest/v1/ai_interactions?guild_id=eq.1482705779697123378&user_id=eq.1473975741665251440 "HTTP/2 200 OK"
2026-03-23 11:20:32 [INFO    ] httpx: HTTP Request: GET https://tadbbmsotttrpoyzwgrx.supabase.co/rest/v1/xp_settings?select=%2A&guild_id=eq.1482705779697123378 "HTTP/2 200 OK"
2026-03-23 11:20:32 [INFO    ] httpx: HTTP Request: GET https://tadbbmsotttrpoyzwgrx.supabase.co/rest/v1/xp_profiles?select=last_xp_at&guild_id=eq.1482705779697123378&user_id=eq.1473975741665251440 "HTTP/2 200 OK"
2026-03-23 11:20:33 [INFO    ] httpx: HTTP Request: GET https://tadbbmsotttrpoyzwgrx.supabase.co/rest/v1/xp_profiles?select=%2A&guild_id=eq.1482705779697123378&user_id=eq.1473975741665251440 "HTTP/2 200 OK"
2026-03-23 11:20:33 [INFO    ] httpx: HTTP Request: PATCH https://tadbbmsotttrpoyzwgrx.supabase.co/rest/v1/xp_profiles?guild_id=eq.1482705779697123378&user_id=eq.1473975741665251440 "HTTP/2 200 OK"
2026-03-23 11:20:33 [INFO    ] httpx: HTTP Request: GET https://tadbbmsotttrpoyzwgrx.supabase.co/rest/v1/user_badges?select=badge_key&guild_id=eq.1482705779697123378&user_id=eq.1473975741665251440 "HTTP/2 200 OK"
2026-03-23 11:20:33 [INFO    ] google_genai.models: AFC is enabled with max remote calls: 10.
2026-03-23 11:20:37 [INFO    ] httpx: HTTP Request: POST https://generativelanguage.googleapis.com/v1beta/models/gemini-3-flash-preview:generateContent "HTTP/1.1 200 OK"
2026-03-23 11:20:37 [INFO    ] google_genai.models: AFC is enabled with max remote calls: 10.
2026-03-23 11:20:40 [INFO    ] httpx: HTTP Request: POST https://generativelanguage.googleapis.com/v1beta/models/gemini-3-flash-preview:generateContent "HTTP/1.1 200 OK"
2026-03-23 11:20:40 [INFO    ] google_genai.models: AFC is enabled with max remote calls: 10.
2026-03-23 11:20:43 [INFO    ] httpx: HTTP Request: POST https://generativelanguage.googleapis.com/v1beta/models/gemini-3-flash-preview:generateContent "HTTP/1.1 200 OK"
2026-03-23 11:20:43 [INFO    ] google_genai.models: AFC is enabled with max remote calls: 10.
2026-03-23 11:20:45 [INFO    ] httpx: HTTP Request: POST https://generativelanguage.googleapis.com/v1beta/models/gemini-3-flash-preview:generateContent "HTTP/1.1 200 OK"
2026-03-23 11:20:45 [INFO    ] google_genai.models: AFC is enabled with max remote calls: 10.
2026-03-23 11:20:45 [INFO    ] httpx: HTTP Request: POST https://generativelanguage.googleapis.com/v1beta/models/gemini-3-flash-preview:generateContent "HTTP/1.1 429 Too Many Requests"
2026-03-23 11:20:45 [WARNING ] cogs.ai: API key 1 rate limited. Switching to GEMINI_API_KEY backup...
2026-03-23 11:20:47 [INFO    ] google_genai.models: AFC is enabled with max remote calls: 10.
2026-03-23 11:20:47 [INFO    ] httpx: HTTP Request: POST https://generativelanguage.googleapis.com/v1beta/models/gemini-3-flash-preview:generateContent "HTTP/1.1 429 Too Many Requests"
2026-03-23 11:20:47 [WARNING ] cogs.ai: API key 2 rate limited. Switching to GEMINI_API_KEY backup...
2026-03-23 11:20:50 [INFO    ] google_genai.models: AFC is enabled with max remote calls: 10.
2026-03-23 11:20:50 [INFO    ] httpx: HTTP Request: POST https://generativelanguage.googleapis.com/v1beta/models/gemini-3-flash-preview:generateContent "HTTP/1.1 429 Too Many Requests"
2026-03-23 11:20:53 [WARNING ] discord.client: PyNaCl is not installed, voice will NOT be supported
2026-03-23 11:20:53 [WARNING ] discord.client: davey is not installed, voice will NOT be supported
2026-03-23 11:20:53 [INFO    ] discord.client: logging in using static token
2026-03-23 11:20:55 [INFO    ] db.client: Supabase client initialised.
2026-03-23 11:20:56 [INFO    ] httpx: HTTP Request: GET https://tadbbmsotttrpoyzwgrx.supabase.co/rest/v1/auto_web_guilds?select=guild_id "HTTP/2 200 OK"
2026-03-23 11:20:56 [INFO    ] httpx: HTTP Request: GET https://tadbbmsotttrpoyzwgrx.supabase.co/rest/v1/auto_web_users?select=user_id "HTTP/2 200 OK"
2026-03-23 11:20:58 [INFO    ] cogs.ai: Gemini AI client successfully initialized.
2026-03-23 11:20:58 [INFO    ] bot: Loaded cog: cogs.ai
2026-03-23 11:20:58 [INFO    ] bot: Loaded cog: cogs.general
2026-03-23 11:20:58 [INFO    ] bot: Loaded cog: cogs.levels
2026-03-23 11:20:58 [INFO    ] bot: Loaded cog: cogs.moderation
2026-03-23 11:20:58 [INFO    ] bot: Loaded cog: cogs.rules
2026-03-23 11:20:58 [INFO    ] bot: Loaded cog: cogs.xp
2026-03-23 11:20:58 [INFO    ] bot: Slash commands synced.
2026-03-23 11:20:58 [INFO    ] bot: Admin web panel running on port 8080 (http://0.0.0.0:8080/)
2026-03-23 11:20:59 [INFO    ] discord.gateway: Shard ID None has connected to Gateway (Session ID: 2022fbc5dcd431993f4f06bf92b43654).
2026-03-23 11:21:01 [INFO    ] bot: Logged in as Catalog#0564 (ID: 1482728261422157865)
2026-03-23 11:21:01 [INFO    ] httpx: HTTP Request: GET https://tadbbmsotttrpoyzwgrx.supabase.co/rest/v1/rank_tiers?select=level_min&guild_id=eq.1482705779697123378&limit=1 "HTTP/2 200 OK"
2026-03-23 11:21:30 [INFO    ] httpx: HTTP Request: GET https://tadbbmsotttrpoyzwgrx.supabase.co/rest/v1/xp_settings?select=%2A&guild_id=eq.1482705779697123378 "HTTP/2 200 OK"
2026-03-23 11:21:30 [INFO    ] httpx: HTTP Request: GET https://tadbbmsotttrpoyzwgrx.supabase.co/rest/v1/xp_profiles?select=last_xp_at&guild_id=eq.1482705779697123378&user_id=eq.812169085772890152 "HTTP/2 200 OK"
2026-03-23 11:21:30 [INFO    ] httpx: HTTP Request: GET https://tadbbmsotttrpoyzwgrx.supabase.co/rest/v1/xp_profiles?select=%2A&guild_id=eq.1482705779697123378&user_id=eq.812169085772890152 "HTTP/2 200 OK"
2026-03-23 11:21:30 [INFO    ] httpx: HTTP Request: PATCH https://tadbbmsotttrpoyzwgrx.supabase.co/rest/v1/xp_profiles?guild_id=eq.1482705779697123378&user_id=eq.812169085772890152 "HTTP/2 200 OK"
2026-03-23 11:21:30 [INFO    ] httpx: HTTP Request: GET https://tadbbmsotttrpoyzwgrx.supabase.co/rest/v1/user_badges?select=badge_key&guild_id=eq.1482705779697123378&user_id=eq.812169085772890152 "HTTP/2 200 OK"
2026-03-23 11:21:39 [INFO    ] httpx: HTTP Request: GET https://tadbbmsotttrpoyzwgrx.supabase.co/rest/v1/xp_settings?select=%2A&guild_id=eq.1482705779697123378 "HTTP/2 200 OK"
2026-03-23 11:21:39 [INFO    ] httpx: HTTP Request: GET https://tadbbmsotttrpoyzwgrx.supabase.co/rest/v1/xp_profiles?select=last_xp_at&guild_id=eq.1482705779697123378&user_id=eq.812169085772890152 "HTTP/2 200 OK"
2026-03-23 11:22:00 [INFO    ] httpx: HTTP Request: GET https://tadbbmsotttrpoyzwgrx.supabase.co/rest/v1/xp_settings?select=%2A&guild_id=eq.1482705779697123378 "HTTP/2 200 OK"
2026-03-23 11:22:01 [INFO    ] httpx: HTTP Request: GET https://tadbbmsotttrpoyzwgrx.supabase.co/rest/v1/xp_profiles?select=last_xp_at&guild_id=eq.1482705779697123378&user_id=eq.1473975741665251440 "HTTP/2 200 OK"
2026-03-23 11:22:01 [INFO    ] httpx: HTTP Request: GET https://tadbbmsotttrpoyzwgrx.supabase.co/rest/v1/xp_profiles?select=%2A&guild_id=eq.1482705779697123378&user_id=eq.1473975741665251440 "HTTP/2 200 OK"
2026-03-23 11:22:01 [INFO    ] httpx: HTTP Request: PATCH https://tadbbmsotttrpoyzwgrx.supabase.co/rest/v1/xp_profiles?guild_id=eq.1482705779697123378&user_id=eq.1473975741665251440 "HTTP/2 200 OK"
2026-03-23 11:22:01 [INFO    ] httpx: HTTP Request: GET https://tadbbmsotttrpoyzwgrx.supabase.co/rest/v1/user_badges?select=badge_key&guild_id=eq.1482705779697123378&user_id=eq.1473975741665251440 "HTTP/2 200 OK"
2026-03-23 11:22:01 [INFO    ] httpx: HTTP Request: GET https://tadbbmsotttrpoyzwgrx.supabase.co/rest/v1/xp_settings?select=%2A&guild_id=eq.1482705779697123378 "HTTP/2 200 OK"
2026-03-23 11:22:01 [INFO    ] httpx: HTTP Request: GET https://tadbbmsotttrpoyzwgrx.supabase.co/rest/v1/xp_profiles?select=last_xp_at&guild_id=eq.1482705779697123378&user_id=eq.812169085772890152 "HTTP/2 200 OK"
2026-03-23 11:22:01 [INFO    ] google_genai.models: AFC is enabled with max remote calls: 10.
2026-03-23 11:22:04 [INFO    ] httpx: HTTP Request: POST https://generativelanguage.googleapis.com/v1beta/models/gemini-3.1-flash-lite-preview:generateContent "HTTP/1.1 200 OK"
2026-03-23 11:22:04 [INFO    ] httpx: HTTP Request: GET https://tadbbmsotttrpoyzwgrx.supabase.co/rest/v1/ai_interactions?select=interaction_count&guild_id=eq.1482705779697123378&user_id=eq.1473975741665251440 "HTTP/2 200 OK"
2026-03-23 11:22:04 [INFO    ] httpx: HTTP Request: PATCH https://tadbbmsotttrpoyzwgrx.supabase.co/rest/v1/ai_interactions?guild_id=eq.1482705779697123378&user_id=eq.1473975741665251440 "HTTP/2 200 OK"
2026-03-23 11:22:13 [INFO    ] web: Governance Configuration updated via Web Admin
2026-03-23 11:22:13 [INFO    ] aiohttp.access: 127.0.0.1 [23/Mar/2026:11:22:13 +0300] "POST /update HTTP/1.1" 302 179 "http://localhost:8080/" "Mozilla/5.0 (Windows NT 10.0; Win64; x64) AppleWebKit/537.36 (KHTML, like Gecko) Chrome/146.0.0.0 Safari/537.36"
2026-03-23 11:22:13 [INFO    ] aiohttp.access: 127.0.0.1 [23/Mar/2026:11:22:13 +0300] "GET / HTTP/1.1" 200 8827 "http://localhost:8080/" "Mozilla/5.0 (Windows NT 10.0; Win64; x64) AppleWebKit/537.36 (KHTML, like Gecko) Chrome/146.0.0.0 Safari/537.36"
2026-03-23 11:22:20 [INFO    ] google_genai.models: AFC is enabled with max remote calls: 10.
2026-03-23 11:22:20 [INFO    ] httpx: HTTP Request: GET https://tadbbmsotttrpoyzwgrx.supabase.co/rest/v1/xp_settings?select=%2A&guild_id=eq.1482705779697123378 "HTTP/2 200 OK"
2026-03-23 11:22:20 [INFO    ] httpx: HTTP Request: GET https://tadbbmsotttrpoyzwgrx.supabase.co/rest/v1/xp_profiles?select=last_xp_at&guild_id=eq.1482705779697123378&user_id=eq.812169085772890152 "HTTP/2 200 OK"
2026-03-23 11:22:20 [INFO    ] httpx: HTTP Request: POST https://generativelanguage.googleapis.com/v1beta/models/gemini-3-flash-preview:generateContent "HTTP/1.1 429 Too Many Requests"
2026-03-23 11:22:20 [WARNING ] cogs.ai: API key 1 rate limited. Switching to GEMINI_API_KEY backup...
2026-03-23 11:22:21 [INFO    ] google_genai.models: AFC is enabled with max remote calls: 10.
2026-03-23 11:22:22 [INFO    ] httpx: HTTP Request: POST https://generativelanguage.googleapis.com/v1beta/models/gemini-3-flash-preview:generateContent "HTTP/1.1 429 Too Many Requests"
2026-03-23 11:22:22 [WARNING ] cogs.ai: API key 2 rate limited. Switching to GEMINI_API_KEY backup...
2026-03-23 11:22:23 [INFO    ] google_genai.models: AFC is enabled with max remote calls: 10.
2026-03-23 11:22:23 [INFO    ] httpx: HTTP Request: POST https://generativelanguage.googleapis.com/v1beta/models/gemini-3-flash-preview:generateContent "HTTP/1.1 429 Too Many Requests"
2026-03-23 11:22:23 [WARNING ] cogs.ai: All keys rate limited for 3.0-flash. Falling back to 3.1-flash-lite.
2026-03-23 11:22:23 [INFO    ] google_genai.models: AFC is enabled with max remote calls: 10.
2026-03-23 11:22:23 [INFO    ] httpx: HTTP Request: POST https://generativelanguage.googleapis.com/v1beta/models/gemini-3.1-flash-lite-preview:generateContent "HTTP/1.1 429 Too Many Requests"
2026-03-23 11:22:23 [ERROR   ] cogs.ai: Interception Eval Failed: 429 RESOURCE_EXHAUSTED. {'error': {'code': 429, 'message': 'You exceeded your current quota, please check your plan and billing details. For more information on this error, head to: https://ai.google.dev/gemini-api/docs/rate-limits. To monitor your current usage, head to: https://ai.dev/rate-limit. ', 'status': 'RESOURCE_EXHAUSTED'}}
2026-03-23 11:22:42 [INFO    ] google_genai.models: AFC is enabled with max remote calls: 10.
2026-03-23 11:22:42 [INFO    ] httpx: HTTP Request: GET https://tadbbmsotttrpoyzwgrx.supabase.co/rest/v1/xp_settings?select=%2A&guild_id=eq.1482705779697123378 "HTTP/2 200 OK"
2026-03-23 11:22:42 [INFO    ] httpx: HTTP Request: POST https://generativelanguage.googleapis.com/v1beta/models/gemini-3-flash-preview:generateContent "HTTP/1.1 429 Too Many Requests"
2026-03-23 11:22:42 [INFO    ] httpx: HTTP Request: GET https://tadbbmsotttrpoyzwgrx.supabase.co/rest/v1/xp_profiles?select=last_xp_at&guild_id=eq.1482705779697123378&user_id=eq.812169085772890152 "HTTP/2 200 OK"
2026-03-23 11:22:42 [INFO    ] httpx: HTTP Request: GET https://tadbbmsotttrpoyzwgrx.supabase.co/rest/v1/xp_profiles?select=%2A&guild_id=eq.1482705779697123378&user_id=eq.812169085772890152 "HTTP/2 200 OK"
2026-03-23 11:22:42 [INFO    ] httpx: HTTP Request: PATCH https://tadbbmsotttrpoyzwgrx.supabase.co/rest/v1/xp_profiles?guild_id=eq.1482705779697123378&user_id=eq.812169085772890152 "HTTP/2 200 OK"
2026-03-23 11:22:42 [INFO    ] httpx: HTTP Request: GET https://tadbbmsotttrpoyzwgrx.supabase.co/rest/v1/user_badges?select=badge_key&guild_id=eq.1482705779697123378&user_id=eq.812169085772890152 "HTTP/2 200 OK"
2026-03-23 11:22:42 [WARNING ] cogs.ai: API key 1 rate limited. Switching to GEMINI_API_KEY backup...
2026-03-23 11:22:44 [INFO    ] google_genai.models: AFC is enabled with max remote calls: 10.
2026-03-23 11:22:44 [INFO    ] httpx: HTTP Request: POST https://generativelanguage.googleapis.com/v1beta/models/gemini-3-flash-preview:generateContent "HTTP/1.1 429 Too Many Requests"
2026-03-23 11:22:44 [WARNING ] cogs.ai: API key 2 rate limited. Switching to GEMINI_API_KEY backup...
2026-03-23 11:22:45 [INFO    ] google_genai.models: AFC is enabled with max remote calls: 10.
2026-03-23 11:22:46 [INFO    ] httpx: HTTP Request: POST https://generativelanguage.googleapis.com/v1beta/models/gemini-3-flash-preview:generateContent "HTTP/1.1 429 Too Many Requests"
2026-03-23 11:22:46 [WARNING ] cogs.ai: All keys rate limited for 3.0-flash. Falling back to 3.1-flash-lite.
2026-03-23 11:22:46 [INFO    ] google_genai.models: AFC is enabled with max remote calls: 10.
2026-03-23 11:22:46 [INFO    ] httpx: HTTP Request: POST https://generativelanguage.googleapis.com/v1beta/models/gemini-3.1-flash-lite-preview:generateContent "HTTP/1.1 200 OK"
2026-03-23 11:22:47 [INFO    ] google_genai.models: AFC is enabled with max remote calls: 10.
2026-03-23 11:22:47 [INFO    ] httpx: HTTP Request: POST https://generativelanguage.googleapis.com/v1beta/models/gemini-3-flash-preview:generateContent "HTTP/1.1 429 Too Many Requests"
2026-03-23 11:22:47 [WARNING ] cogs.ai: API key 1 rate limited. Switching to GEMINI_API_KEY backup...
2026-03-23 11:22:48 [INFO    ] google_genai.models: AFC is enabled with max remote calls: 10.
2026-03-23 11:22:48 [INFO    ] httpx: HTTP Request: POST https://generativelanguage.googleapis.com/v1beta/models/gemini-3-flash-preview:generateContent "HTTP/1.1 429 Too Many Requests"
2026-03-23 11:22:48 [WARNING ] cogs.ai: API key 2 rate limited. Switching to GEMINI_API_KEY backup...
2026-03-23 11:22:50 [INFO    ] google_genai.models: AFC is enabled with max remote calls: 10.
2026-03-23 11:22:50 [INFO    ] httpx: HTTP Request: POST https://generativelanguage.googleapis.com/v1beta/models/gemini-3-flash-preview:generateContent "HTTP/1.1 429 Too Many Requests"
2026-03-23 11:22:50 [WARNING ] cogs.ai: All keys rate limited for 3.0-flash. Falling back to 3.1-flash-lite.
2026-03-23 11:22:50 [INFO    ] google_genai.models: AFC is enabled with max remote calls: 10.
2026-03-23 11:22:51 [INFO    ] httpx: HTTP Request: POST https://generativelanguage.googleapis.com/v1beta/models/gemini-3.1-flash-lite-preview:generateContent "HTTP/1.1 200 OK"
2026-03-23 11:22:51 [INFO    ] google_genai.models: AFC is enabled with max remote calls: 10.
2026-03-23 11:22:54 [INFO    ] httpx: HTTP Request: POST https://generativelanguage.googleapis.com/v1beta/models/gemini-3.1-flash-lite-preview:generateContent "HTTP/1.1 200 OK"
2026-03-23 11:22:54 [INFO    ] httpx: HTTP Request: GET https://tadbbmsotttrpoyzwgrx.supabase.co/rest/v1/ai_interactions?select=interaction_count&guild_id=eq.1482705779697123378&user_id=eq.812169085772890152 "HTTP/2 200 OK"
2026-03-23 11:22:54 [INFO    ] httpx: HTTP Request: PATCH https://tadbbmsotttrpoyzwgrx.supabase.co/rest/v1/ai_interactions?guild_id=eq.1482705779697123378&user_id=eq.812169085772890152 "HTTP/2 200 OK"
2026-03-23 11:23:09 [INFO    ] web: Governance Configuration updated via Web Admin
2026-03-23 11:23:09 [INFO    ] aiohttp.access: 127.0.0.1 [23/Mar/2026:11:23:09 +0300] "POST /update HTTP/1.1" 302 179 "http://localhost:8080/" "Mozilla/5.0 (Windows NT 10.0; Win64; x64) AppleWebKit/537.36 (KHTML, like Gecko) Chrome/146.0.0.0 Safari/537.36"
2026-03-23 11:23:09 [INFO    ] aiohttp.access: 127.0.0.1 [23/Mar/2026:11:23:09 +0300] "GET / HTTP/1.1" 200 8825 "http://localhost:8080/" "Mozilla/5.0 (Windows NT 10.0; Win64; x64) AppleWebKit/537.36 (KHTML, like Gecko) Chrome/146.0.0.0 Safari/537.36"
2026-03-23 11:23:14 [INFO    ] google_genai.models: AFC is enabled with max remote calls: 10.
2026-03-23 11:23:14 [INFO    ] httpx: HTTP Request: GET https://tadbbmsotttrpoyzwgrx.supabase.co/rest/v1/xp_settings?select=%2A&guild_id=eq.1482705779697123378 "HTTP/2 200 OK"
2026-03-23 11:23:14 [INFO    ] httpx: HTTP Request: GET https://tadbbmsotttrpoyzwgrx.supabase.co/rest/v1/xp_profiles?select=last_xp_at&guild_id=eq.1482705779697123378&user_id=eq.812169085772890152 "HTTP/2 200 OK"
2026-03-23 11:23:14 [INFO    ] httpx: HTTP Request: POST https://generativelanguage.googleapis.com/v1beta/models/gemini-3-flash-preview:generateContent "HTTP/1.1 429 Too Many Requests"
2026-03-23 11:23:14 [WARNING ] cogs.ai: API key 1 rate limited. Switching to GEMINI_API_KEY backup...
2026-03-23 11:23:15 [INFO    ] google_genai.models: AFC is enabled with max remote calls: 10.
2026-03-23 11:23:16 [INFO    ] httpx: HTTP Request: POST https://generativelanguage.googleapis.com/v1beta/models/gemini-3-flash-preview:generateContent "HTTP/1.1 429 Too Many Requests"
2026-03-23 11:23:16 [WARNING ] cogs.ai: API key 2 rate limited. Switching to GEMINI_API_KEY backup...
2026-03-23 11:23:17 [INFO    ] google_genai.models: AFC is enabled with max remote calls: 10.
2026-03-23 11:23:17 [INFO    ] httpx: HTTP Request: POST https://generativelanguage.googleapis.com/v1beta/models/gemini-3-flash-preview:generateContent "HTTP/1.1 429 Too Many Requests"
2026-03-23 11:23:17 [WARNING ] cogs.ai: All keys rate limited for 3.0-flash. Falling back to 3.1-flash-lite.
2026-03-23 11:23:17 [INFO    ] google_genai.models: AFC is enabled with max remote calls: 10.
2026-03-23 11:23:17 [INFO    ] httpx: HTTP Request: POST https://generativelanguage.googleapis.com/v1beta/models/gemini-3.1-flash-lite-preview:generateContent "HTTP/1.1 429 Too Many Requests"
2026-03-23 11:23:17 [ERROR   ] cogs.ai: Interception Eval Failed: 429 RESOURCE_EXHAUSTED. {'error': {'code': 429, 'message': 'You exceeded your current quota, please check your plan and billing details. For more information on this error, head to: https://ai.google.dev/gemini-api/docs/rate-limits. To monitor your current usage, head to: https://ai.dev/rate-limit. ', 'status': 'RESOURCE_EXHAUSTED'}}
2026-03-23 11:23:26 [INFO    ] web: Governance Configuration updated via Web Admin
2026-03-23 11:23:26 [INFO    ] aiohttp.access: 127.0.0.1 [23/Mar/2026:11:23:26 +0300] "POST /update HTTP/1.1" 302 179 "http://localhost:8080/" "Mozilla/5.0 (Windows NT 10.0; Win64; x64) AppleWebKit/537.36 (KHTML, like Gecko) Chrome/146.0.0.0 Safari/537.36"
2026-03-23 11:23:26 [INFO    ] aiohttp.access: 127.0.0.1 [23/Mar/2026:11:23:26 +0300] "GET / HTTP/1.1" 200 8831 "http://localhost:8080/" "Mozilla/5.0 (Windows NT 10.0; Win64; x64) AppleWebKit/537.36 (KHTML, like Gecko) Chrome/146.0.0.0 Safari/537.36"
2026-03-23 11:24:00 [INFO    ] httpx: HTTP Request: GET https://tadbbmsotttrpoyzwgrx.supabase.co/rest/v1/xp_settings?select=%2A&guild_id=eq.1482705779697123378 "HTTP/2 200 OK"
2026-03-23 11:24:00 [INFO    ] httpx: HTTP Request: GET https://tadbbmsotttrpoyzwgrx.supabase.co/rest/v1/xp_profiles?select=last_xp_at&guild_id=eq.1482705779697123378&user_id=eq.812169085772890152 "HTTP/2 200 OK"
2026-03-23 11:24:00 [INFO    ] httpx: HTTP Request: GET https://tadbbmsotttrpoyzwgrx.supabase.co/rest/v1/xp_profiles?select=%2A&guild_id=eq.1482705779697123378&user_id=eq.812169085772890152 "HTTP/2 200 OK"
2026-03-23 11:24:00 [INFO    ] httpx: HTTP Request: PATCH https://tadbbmsotttrpoyzwgrx.supabase.co/rest/v1/xp_profiles?guild_id=eq.1482705779697123378&user_id=eq.812169085772890152 "HTTP/2 200 OK"
2026-03-23 11:24:00 [INFO    ] httpx: HTTP Request: GET https://tadbbmsotttrpoyzwgrx.supabase.co/rest/v1/user_badges?select=badge_key&guild_id=eq.1482705779697123378&user_id=eq.812169085772890152 "HTTP/2 200 OK"
2026-03-23 11:24:13 [INFO    ] web: Governance Configuration updated via Web Admin
2026-03-23 11:24:13 [INFO    ] aiohttp.access: 127.0.0.1 [23/Mar/2026:11:24:13 +0300] "POST /update HTTP/1.1" 302 179 "http://localhost:8080/" "Mozilla/5.0 (Windows NT 10.0; Win64; x64) AppleWebKit/537.36 (KHTML, like Gecko) Chrome/146.0.0.0 Safari/537.36"
2026-03-23 11:24:13 [INFO    ] aiohttp.access: 127.0.0.1 [23/Mar/2026:11:24:13 +0300] "GET / HTTP/1.1" 200 8832 "http://localhost:8080/" "Mozilla/5.0 (Windows NT 10.0; Win64; x64) AppleWebKit/537.36 (KHTML, like Gecko) Chrome/146.0.0.0 Safari/537.36"
2026-03-23 11:24:16 [INFO    ] google_genai.models: AFC is enabled with max remote calls: 10.
2026-03-23 11:24:16 [INFO    ] httpx: HTTP Request: GET https://tadbbmsotttrpoyzwgrx.supabase.co/rest/v1/xp_settings?select=%2A&guild_id=eq.1482705779697123378 "HTTP/2 200 OK"
2026-03-23 11:24:16 [INFO    ] httpx: HTTP Request: GET https://tadbbmsotttrpoyzwgrx.supabase.co/rest/v1/xp_profiles?select=last_xp_at&guild_id=eq.1482705779697123378&user_id=eq.812169085772890152 "HTTP/2 200 OK"
2026-03-23 11:24:16 [INFO    ] httpx: HTTP Request: POST https://generativelanguage.googleapis.com/v1beta/models/gemini-3-flash-preview:generateContent "HTTP/1.1 429 Too Many Requests"
2026-03-23 11:24:16 [WARNING ] cogs.ai: API key 1 rate limited. Switching to GEMINI_API_KEY backup...
2026-03-23 11:24:17 [INFO    ] google_genai.models: AFC is enabled with max remote calls: 10.
2026-03-23 11:24:18 [INFO    ] httpx: HTTP Request: POST https://generativelanguage.googleapis.com/v1beta/models/gemini-3-flash-preview:generateContent "HTTP/1.1 429 Too Many Requests"
2026-03-23 11:24:18 [WARNING ] cogs.ai: API key 2 rate limited. Switching to GEMINI_API_KEY backup...
2026-03-23 11:24:19 [INFO    ] google_genai.models: AFC is enabled with max remote calls: 10.
2026-03-23 11:24:20 [INFO    ] httpx: HTTP Request: POST https://generativelanguage.googleapis.com/v1beta/models/gemini-3-flash-preview:generateContent "HTTP/1.1 429 Too Many Requests"
2026-03-23 11:24:20 [WARNING ] cogs.ai: All keys rate limited for 3.0-flash. Falling back to 3.1-flash-lite.
2026-03-23 11:24:20 [INFO    ] google_genai.models: AFC is enabled with max remote calls: 10.
2026-03-23 11:24:20 [INFO    ] httpx: HTTP Request: POST https://generativelanguage.googleapis.com/v1beta/models/gemini-3.1-flash-lite-preview:generateContent "HTTP/1.1 200 OK"
2026-03-23 11:24:21 [INFO    ] google_genai.models: AFC is enabled with max remote calls: 10.
2026-03-23 11:24:21 [INFO    ] httpx: HTTP Request: POST https://generativelanguage.googleapis.com/v1beta/models/gemini-3-flash-preview:generateContent "HTTP/1.1 429 Too Many Requests"
2026-03-23 11:24:21 [WARNING ] cogs.ai: API key 1 rate limited. Switching to GEMINI_API_KEY backup...
2026-03-23 11:24:22 [INFO    ] google_genai.models: AFC is enabled with max remote calls: 10.
2026-03-23 11:24:22 [INFO    ] httpx: HTTP Request: POST https://generativelanguage.googleapis.com/v1beta/models/gemini-3-flash-preview:generateContent "HTTP/1.1 429 Too Many Requests"
2026-03-23 11:24:22 [WARNING ] cogs.ai: API key 2 rate limited. Switching to GEMINI_API_KEY backup...
2026-03-23 11:24:24 [INFO    ] google_genai.models: AFC is enabled with max remote calls: 10.
2026-03-23 11:24:24 [INFO    ] httpx: HTTP Request: POST https://generativelanguage.googleapis.com/v1beta/models/gemini-3-flash-preview:generateContent "HTTP/1.1 429 Too Many Requests"
2026-03-23 11:24:24 [WARNING ] cogs.ai: All keys rate limited for 3.0-flash. Falling back to 3.1-flash-lite.
2026-03-23 11:24:24 [INFO    ] google_genai.models: AFC is enabled with max remote calls: 10.
2026-03-23 11:24:25 [INFO    ] httpx: HTTP Request: POST https://generativelanguage.googleapis.com/v1beta/models/gemini-3.1-flash-lite-preview:generateContent "HTTP/1.1 200 OK"
2026-03-23 11:24:25 [INFO    ] google_genai.models: AFC is enabled with max remote calls: 10.
2026-03-23 11:24:25 [INFO    ] httpx: HTTP Request: POST https://generativelanguage.googleapis.com/v1beta/models/gemini-3-flash-preview:generateContent "HTTP/1.1 429 Too Many Requests"
2026-03-23 11:24:25 [WARNING ] cogs.ai: API key 1 rate limited. Switching to GEMINI_API_KEY backup...
2026-03-23 11:24:26 [INFO    ] google_genai.models: AFC is enabled with max remote calls: 10.
2026-03-23 11:24:26 [INFO    ] httpx: HTTP Request: POST https://generativelanguage.googleapis.com/v1beta/models/gemini-3-flash-preview:generateContent "HTTP/1.1 429 Too Many Requests"
2026-03-23 11:24:26 [WARNING ] cogs.ai: API key 2 rate limited. Switching to GEMINI_API_KEY backup...
2026-03-23 11:24:28 [INFO    ] google_genai.models: AFC is enabled with max remote calls: 10.
2026-03-23 11:24:28 [INFO    ] httpx: HTTP Request: POST https://generativelanguage.googleapis.com/v1beta/models/gemini-3-flash-preview:generateContent "HTTP/1.1 429 Too Many Requests"
2026-03-23 11:24:28 [WARNING ] cogs.ai: All keys rate limited for 3.0-flash. Falling back to 3.1-flash-lite.
2026-03-23 11:24:28 [INFO    ] google_genai.models: AFC is enabled with max remote calls: 10.
2026-03-23 11:24:28 [INFO    ] httpx: HTTP Request: POST https://generativelanguage.googleapis.com/v1beta/models/gemini-3.1-flash-lite-preview:generateContent "HTTP/1.1 429 Too Many Requests"
2026-03-23 11:24:28 [WARNING ] cogs.ai: Memory summarize error: 429 RESOURCE_EXHAUSTED. {'error': {'code': 429, 'message': 'You exceeded your current quota, please check your plan and billing details. For more information on this error, head to: https://ai.google.dev/gemini-api/docs/rate-limits. To monitor your current usage, head to: https://ai.dev/rate-limit. ', 'status': 'RESOURCE_EXHAUSTED'}}
2026-03-23 11:24:28 [INFO    ] google_genai.models: AFC is enabled with max remote calls: 10.
2026-03-23 11:24:28 [INFO    ] httpx: HTTP Request: POST https://generativelanguage.googleapis.com/v1beta/models/gemini-3.1-flash-lite-preview:generateContent "HTTP/1.1 429 Too Many Requests"
2026-03-23 11:24:28 [WARNING ] cogs.ai: API key 1 rate limited. Switching to GEMINI_API_KEY backup...
2026-03-23 11:24:30 [INFO    ] google_genai.models: AFC is enabled with max remote calls: 10.
2026-03-23 11:24:33 [INFO    ] httpx: HTTP Request: POST https://generativelanguage.googleapis.com/v1beta/models/gemini-3.1-flash-lite-preview:generateContent "HTTP/1.1 200 OK"
2026-03-23 11:24:33 [INFO    ] httpx: HTTP Request: GET https://tadbbmsotttrpoyzwgrx.supabase.co/rest/v1/ai_interactions?select=interaction_count&guild_id=eq.1482705779697123378&user_id=eq.812169085772890152 "HTTP/2 200 OK"
2026-03-23 11:24:34 [INFO    ] httpx: HTTP Request: PATCH https://tadbbmsotttrpoyzwgrx.supabase.co/rest/v1/ai_interactions?guild_id=eq.1482705779697123378&user_id=eq.812169085772890152 "HTTP/2 200 OK"
2026-03-23 11:26:05 [INFO    ] web: Governance Configuration updated via Web Admin
2026-03-23 11:26:05 [INFO    ] aiohttp.access: 127.0.0.1 [23/Mar/2026:11:26:05 +0300] "POST /update HTTP/1.1" 302 179 "http://localhost:8080/" "Mozilla/5.0 (Windows NT 10.0; Win64; x64) AppleWebKit/537.36 (KHTML, like Gecko) Chrome/146.0.0.0 Safari/537.36"
2026-03-23 11:26:05 [INFO    ] aiohttp.access: 127.0.0.1 [23/Mar/2026:11:26:05 +0300] "GET / HTTP/1.1" 200 8831 "http://localhost:8080/" "Mozilla/5.0 (Windows NT 10.0; Win64; x64) AppleWebKit/537.36 (KHTML, like Gecko) Chrome/146.0.0.0 Safari/537.36"
2026-03-23 11:26:09 [INFO    ] web: Governance Configuration updated via Web Admin
2026-03-23 11:26:09 [INFO    ] aiohttp.access: 127.0.0.1 [23/Mar/2026:11:26:09 +0300] "POST /update HTTP/1.1" 302 179 "http://localhost:8080/" "Mozilla/5.0 (Windows NT 10.0; Win64; x64) AppleWebKit/537.36 (KHTML, like Gecko) Chrome/146.0.0.0 Safari/537.36"
2026-03-23 11:26:09 [INFO    ] aiohttp.access: 127.0.0.1 [23/Mar/2026:11:26:09 +0300] "GET / HTTP/1.1" 200 8832 "http://localhost:8080/" "Mozilla/5.0 (Windows NT 10.0; Win64; x64) AppleWebKit/537.36 (KHTML, like Gecko) Chrome/146.0.0.0 Safari/537.36"
2026-03-23 11:29:44 [WARNING ] discord.client: PyNaCl is not installed, voice will NOT be supported
2026-03-23 11:29:44 [WARNING ] discord.client: davey is not installed, voice will NOT be supported
2026-03-23 11:29:44 [INFO    ] discord.client: logging in using static token
2026-03-23 11:29:45 [INFO    ] db.client: Supabase client initialised.
2026-03-23 11:29:47 [INFO    ] httpx: HTTP Request: GET https://tadbbmsotttrpoyzwgrx.supabase.co/rest/v1/auto_web_guilds?select=guild_id "HTTP/2 200 OK"
2026-03-23 11:29:47 [INFO    ] httpx: HTTP Request: GET https://tadbbmsotttrpoyzwgrx.supabase.co/rest/v1/auto_web_users?select=user_id "HTTP/2 200 OK"
2026-03-23 11:29:49 [INFO    ] cogs.ai: Gemini AI client successfully initialized.
2026-03-23 11:29:49 [INFO    ] bot: Loaded cog: cogs.ai
2026-03-23 11:29:49 [INFO    ] bot: Loaded cog: cogs.general
2026-03-23 11:29:49 [INFO    ] bot: Loaded cog: cogs.levels
2026-03-23 11:29:49 [INFO    ] bot: Loaded cog: cogs.moderation
2026-03-23 11:29:49 [INFO    ] bot: Loaded cog: cogs.rules
2026-03-23 11:29:49 [INFO    ] bot: Loaded cog: cogs.xp
2026-03-23 11:29:49 [INFO    ] bot: Slash commands synced.
2026-03-23 11:29:49 [INFO    ] bot: Admin web panel running on port 8080 (http://0.0.0.0:8080/)
2026-03-23 11:29:50 [INFO    ] discord.gateway: Shard ID None has connected to Gateway (Session ID: 3e8d1e12abff7b8b8e1ab6b3a8b4315c).
2026-03-23 11:29:50 [INFO    ] aiohttp.access: 127.0.0.1 [23/Mar/2026:11:29:50 +0300] "GET / HTTP/1.1" 200 8880 "http://localhost:8080/" "Mozilla/5.0 (Windows NT 10.0; Win64; x64) AppleWebKit/537.36 (KHTML, like Gecko) Chrome/146.0.0.0 Safari/537.36"
2026-03-23 11:29:52 [INFO    ] bot: Logged in as Catalog#0564 (ID: 1482728261422157865)
2026-03-23 11:29:52 [INFO    ] httpx: HTTP Request: GET https://tadbbmsotttrpoyzwgrx.supabase.co/rest/v1/rank_tiers?select=level_min&guild_id=eq.1482705779697123378&limit=1 "HTTP/2 200 OK"
2026-03-23 11:29:58 [INFO    ] web: Governance Configuration updated via Web Admin
2026-03-23 11:29:58 [INFO    ] aiohttp.access: 127.0.0.1 [23/Mar/2026:11:29:58 +0300] "POST /update HTTP/1.1" 302 179 "http://localhost:8080/" "Mozilla/5.0 (Windows NT 10.0; Win64; x64) AppleWebKit/537.36 (KHTML, like Gecko) Chrome/146.0.0.0 Safari/537.36"
2026-03-23 11:29:58 [INFO    ] aiohttp.access: 127.0.0.1 [23/Mar/2026:11:29:58 +0300] "GET / HTTP/1.1" 200 8881 "http://localhost:8080/" "Mozilla/5.0 (Windows NT 10.0; Win64; x64) AppleWebKit/537.36 (KHTML, like Gecko) Chrome/146.0.0.0 Safari/537.36"
2026-03-23 11:30:12 [INFO    ] httpx: HTTP Request: GET https://tadbbmsotttrpoyzwgrx.supabase.co/rest/v1/xp_settings?select=%2A&guild_id=eq.1482705779697123378 "HTTP/2 200 OK"
2026-03-23 11:30:12 [INFO    ] httpx: HTTP Request: GET https://tadbbmsotttrpoyzwgrx.supabase.co/rest/v1/xp_profiles?select=last_xp_at&guild_id=eq.1482705779697123378&user_id=eq.1473975741665251440 "HTTP/2 200 OK"
2026-03-23 11:30:12 [INFO    ] httpx: HTTP Request: GET https://tadbbmsotttrpoyzwgrx.supabase.co/rest/v1/xp_profiles?select=%2A&guild_id=eq.1482705779697123378&user_id=eq.1473975741665251440 "HTTP/2 200 OK"
2026-03-23 11:30:12 [INFO    ] httpx: HTTP Request: PATCH https://tadbbmsotttrpoyzwgrx.supabase.co/rest/v1/xp_profiles?guild_id=eq.1482705779697123378&user_id=eq.1473975741665251440 "HTTP/2 200 OK"
2026-03-23 11:30:12 [INFO    ] httpx: HTTP Request: GET https://tadbbmsotttrpoyzwgrx.supabase.co/rest/v1/user_badges?select=badge_key&guild_id=eq.1482705779697123378&user_id=eq.1473975741665251440 "HTTP/2 200 OK"
2026-03-23 11:30:13 [INFO    ] google_genai.models: AFC is enabled with max remote calls: 10.
2026-03-23 11:30:15 [INFO    ] httpx: HTTP Request: POST https://generativelanguage.googleapis.com/v1beta/models/gemini-3-flash-preview:generateContent "HTTP/1.1 200 OK"
2026-03-23 11:30:15 [INFO    ] google_genai.models: AFC is enabled with max remote calls: 10.
2026-03-23 11:30:18 [INFO    ] httpx: HTTP Request: POST https://generativelanguage.googleapis.com/v1beta/models/gemini-3-flash-preview:generateContent "HTTP/1.1 200 OK"
2026-03-23 11:30:18 [INFO    ] google_genai.models: AFC is enabled with max remote calls: 10.
2026-03-23 11:30:18 [INFO    ] httpx: HTTP Request: POST https://generativelanguage.googleapis.com/v1beta/models/gemini-3-flash-preview:generateContent "HTTP/1.1 429 Too Many Requests"
2026-03-23 11:30:18 [WARNING ] cogs.ai: API key 1 rate limited. Switching to GEMINI_API_KEY backup...
2026-03-23 11:30:20 [INFO    ] google_genai.models: AFC is enabled with max remote calls: 10.
2026-03-23 11:30:22 [INFO    ] httpx: HTTP Request: POST https://generativelanguage.googleapis.com/v1beta/models/gemini-3-flash-preview:generateContent "HTTP/1.1 200 OK"
2026-03-23 11:30:22 [INFO    ] cogs.ai: Generated Web Queries: ['least popular character in Re:Zero light novel character polls', 'Re:Zero light novel character popularity ranking worst']
2026-03-23 11:30:23 [INFO    ] primp: response: https://en.wikipedia.org/w/api.php?action=opensearch&profile=fuzzy&limit=1&search=least%20popular%20character%20in%20Re%3AZero%20light%20novel%20character%20polls 200
2026-03-23 11:30:23 [INFO    ] primp: response: https://grokipedia.com/api/typeahead?query=least+popular+character+in+Re%3AZero+light+novel+character+polls&limit=1 200
2026-03-23 11:30:24 [INFO    ] primp: response: https://yandex.com/search/site/?text=least+popular+character+in+Re%3AZero+light+novel+character+polls&web=1&searchid=9684717 200
2026-03-23 11:30:25 [INFO    ] primp: response: https://grokipedia.com/api/typeahead?query=Re%3AZero+light+novel+character+popularity+ranking+worst&limit=1 200
2026-03-23 11:30:25 [INFO    ] primp: response: https://en.wikipedia.org/w/api.php?action=opensearch&profile=fuzzy&limit=1&search=Re%3AZero%20light%20novel%20character%20popularity%20ranking%20worst 200
2026-03-23 11:30:25 [INFO    ] primp: response: https://search.yahoo.com/search;_ylt=ViUvCcrsDUwuvbh5pAZw6Agp;_ylu=IoUMhLfc9Bs9QmItal3wFcUiMMHgLwxkSLNWGXc80axHD88?p=Re%3AZero+light+novel+character+popularity+ranking+worst 200
2026-03-23 11:30:27 [INFO    ] primp: response: https://search.brave.com/search?q=Re%3AZero+light+novel+character+popularity+ranking+worst&source=web 200
2026-03-23 11:30:28 [INFO    ] google_genai.models: AFC is enabled with max remote calls: 10.
2026-03-23 11:30:31 [INFO    ] httpx: HTTP Request: POST https://generativelanguage.googleapis.com/v1beta/models/gemini-3.1-flash-lite-preview:generateContent "HTTP/1.1 200 OK"
2026-03-23 11:30:31 [INFO    ] httpx: HTTP Request: GET https://tadbbmsotttrpoyzwgrx.supabase.co/rest/v1/ai_interactions?select=interaction_count&guild_id=eq.1482705779697123378&user_id=eq.1473975741665251440 "HTTP/2 200 OK"
2026-03-23 11:30:32 [INFO    ] httpx: HTTP Request: PATCH https://tadbbmsotttrpoyzwgrx.supabase.co/rest/v1/ai_interactions?guild_id=eq.1482705779697123378&user_id=eq.1473975741665251440 "HTTP/2 200 OK"
2026-03-23 11:32:43 [INFO    ] httpx: HTTP Request: GET https://tadbbmsotttrpoyzwgrx.supabase.co/rest/v1/xp_settings?select=%2A&guild_id=eq.1482705779697123378 "HTTP/2 200 OK"
2026-03-23 11:32:44 [INFO    ] httpx: HTTP Request: GET https://tadbbmsotttrpoyzwgrx.supabase.co/rest/v1/xp_profiles?select=last_xp_at&guild_id=eq.1482705779697123378&user_id=eq.1473975741665251440 "HTTP/2 200 OK"
2026-03-23 11:32:44 [INFO    ] httpx: HTTP Request: GET https://tadbbmsotttrpoyzwgrx.supabase.co/rest/v1/xp_profiles?select=%2A&guild_id=eq.1482705779697123378&user_id=eq.1473975741665251440 "HTTP/2 200 OK"
2026-03-23 11:32:44 [INFO    ] httpx: HTTP Request: PATCH https://tadbbmsotttrpoyzwgrx.supabase.co/rest/v1/xp_profiles?guild_id=eq.1482705779697123378&user_id=eq.1473975741665251440 "HTTP/2 200 OK"
2026-03-23 11:32:44 [INFO    ] httpx: HTTP Request: GET https://tadbbmsotttrpoyzwgrx.supabase.co/rest/v1/user_badges?select=badge_key&guild_id=eq.1482705779697123378&user_id=eq.1473975741665251440 "HTTP/2 200 OK"
2026-03-23 11:32:44 [INFO    ] google_genai.models: AFC is enabled with max remote calls: 10.
2026-03-23 11:32:45 [INFO    ] httpx: HTTP Request: POST https://generativelanguage.googleapis.com/v1beta/models/gemini-3-flash-preview:generateContent "HTTP/1.1 429 Too Many Requests"
2026-03-23 11:32:45 [WARNING ] cogs.ai: API key 1 rate limited. Switching to GEMINI_API_KEY backup...
2026-03-23 11:32:46 [INFO    ] google_genai.models: AFC is enabled with max remote calls: 10.
2026-03-23 11:32:46 [INFO    ] httpx: HTTP Request: POST https://generativelanguage.googleapis.com/v1beta/models/gemini-3-flash-preview:generateContent "HTTP/1.1 429 Too Many Requests"
2026-03-23 11:32:46 [WARNING ] cogs.ai: API key 2 rate limited. Switching to GEMINI_API_KEY backup...
2026-03-23 11:32:48 [INFO    ] google_genai.models: AFC is enabled with max remote calls: 10.
2026-03-23 11:32:48 [INFO    ] httpx: HTTP Request: POST https://generativelanguage.googleapis.com/v1beta/models/gemini-3-flash-preview:generateContent "HTTP/1.1 429 Too Many Requests"
2026-03-23 11:32:48 [WARNING ] cogs.ai: All keys rate limited for 3.0-flash. Falling back to 3.1-flash-lite.
2026-03-23 11:32:48 [INFO    ] google_genai.models: AFC is enabled with max remote calls: 10.
2026-03-23 11:32:50 [INFO    ] httpx: HTTP Request: POST https://generativelanguage.googleapis.com/v1beta/models/gemini-3.1-flash-lite-preview:generateContent "HTTP/1.1 200 OK"
2026-03-23 11:32:50 [INFO    ] google_genai.models: AFC is enabled with max remote calls: 10.
2026-03-23 11:32:50 [INFO    ] httpx: HTTP Request: POST https://generativelanguage.googleapis.com/v1beta/models/gemini-3-flash-preview:generateContent "HTTP/1.1 429 Too Many Requests"
2026-03-23 11:32:50 [WARNING ] cogs.ai: API key 1 rate limited. Switching to GEMINI_API_KEY backup...
2026-03-23 11:32:51 [INFO    ] google_genai.models: AFC is enabled with max remote calls: 10.
2026-03-23 11:32:52 [INFO    ] httpx: HTTP Request: POST https://generativelanguage.googleapis.com/v1beta/models/gemini-3-flash-preview:generateContent "HTTP/1.1 429 Too Many Requests"
2026-03-23 11:32:52 [WARNING ] cogs.ai: API key 2 rate limited. Switching to GEMINI_API_KEY backup...
2026-03-23 11:32:53 [INFO    ] google_genai.models: AFC is enabled with max remote calls: 10.
2026-03-23 11:32:53 [INFO    ] httpx: HTTP Request: POST https://generativelanguage.googleapis.com/v1beta/models/gemini-3-flash-preview:generateContent "HTTP/1.1 429 Too Many Requests"
2026-03-23 11:32:53 [WARNING ] cogs.ai: All keys rate limited for 3.0-flash. Falling back to 3.1-flash-lite.
2026-03-23 11:32:53 [INFO    ] google_genai.models: AFC is enabled with max remote calls: 10.
2026-03-23 11:32:54 [INFO    ] httpx: HTTP Request: POST https://generativelanguage.googleapis.com/v1beta/models/gemini-3.1-flash-lite-preview:generateContent "HTTP/1.1 429 Too Many Requests"
2026-03-23 11:32:54 [WARNING ] cogs.ai: Memory summarize error: 429 RESOURCE_EXHAUSTED. {'error': {'code': 429, 'message': 'You exceeded your current quota, please check your plan and billing details. For more information on this error, head to: https://ai.google.dev/gemini-api/docs/rate-limits. To monitor your current usage, head to: https://ai.dev/rate-limit. ', 'status': 'RESOURCE_EXHAUSTED'}}
2026-03-23 11:32:54 [INFO    ] google_genai.models: AFC is enabled with max remote calls: 10.
2026-03-23 11:32:54 [INFO    ] httpx: HTTP Request: POST https://generativelanguage.googleapis.com/v1beta/models/gemini-3-flash-preview:generateContent "HTTP/1.1 429 Too Many Requests"
2026-03-23 11:32:54 [WARNING ] cogs.ai: API key 1 rate limited. Switching to GEMINI_API_KEY backup...
2026-03-23 11:32:55 [INFO    ] google_genai.models: AFC is enabled with max remote calls: 10.
2026-03-23 11:32:56 [INFO    ] httpx: HTTP Request: POST https://generativelanguage.googleapis.com/v1beta/models/gemini-3-flash-preview:generateContent "HTTP/1.1 429 Too Many Requests"
2026-03-23 11:32:56 [WARNING ] cogs.ai: API key 2 rate limited. Switching to GEMINI_API_KEY backup...
2026-03-23 11:32:57 [INFO    ] google_genai.models: AFC is enabled with max remote calls: 10.
2026-03-23 11:32:57 [INFO    ] httpx: HTTP Request: POST https://generativelanguage.googleapis.com/v1beta/models/gemini-3-flash-preview:generateContent "HTTP/1.1 429 Too Many Requests"
2026-03-23 11:32:57 [WARNING ] cogs.ai: All keys rate limited for 3.0-flash. Falling back to 3.1-flash-lite.
2026-03-23 11:32:57 [INFO    ] google_genai.models: AFC is enabled with max remote calls: 10.
2026-03-23 11:32:58 [INFO    ] httpx: HTTP Request: POST https://generativelanguage.googleapis.com/v1beta/models/gemini-3.1-flash-lite-preview:generateContent "HTTP/1.1 200 OK"
2026-03-23 11:32:58 [INFO    ] cogs.ai: Generated Web Queries: ["JoJo's Bizarre Adventure Part 7 anime release date", 'is JoJo Part 7 Steel Ball Run animated']
2026-03-23 11:32:58 [INFO    ] primp: response: https://grokipedia.com/api/typeahead?query=JoJo%27s+Bizarre+Adventure+Part+7+anime+release+date&limit=1 200
2026-03-23 11:32:58 [INFO    ] primp: response: https://en.wikipedia.org/w/api.php?action=opensearch&profile=fuzzy&limit=1&search=JoJo%27s%20Bizarre%20Adventure%20Part%207%20anime%20release%20date 200
2026-03-23 11:32:59 [INFO    ] primp: response: https://www.google.com/search?q=JoJo%27s+Bizarre+Adventure+Part+7+anime+release+date&filter=1&start=0&hl=en-US&lr=lang_en&cr=countryUS 403
2026-03-23 11:33:00 [INFO    ] primp: response: https://www.mojeek.com/search?q=JoJo%27s+Bizarre+Adventure+Part+7+anime+release+date 200
2026-03-23 11:33:02 [INFO    ] primp: response: https://grokipedia.com/api/typeahead?query=is+JoJo+Part+7+Steel+Ball+Run+animated&limit=1 200
2026-03-23 11:33:02 [INFO    ] primp: response: https://en.wikipedia.org/w/api.php?action=opensearch&profile=fuzzy&limit=1&search=is%20JoJo%20Part%207%20Steel%20Ball%20Run%20animated 200
2026-03-23 11:33:02 [INFO    ] primp: response: https://www.google.com/search?q=is+JoJo+Part+7+Steel+Ball+Run+animated&filter=1&start=0&hl=en-US&lr=lang_en&cr=countryUS 403
2026-03-23 11:33:03 [INFO    ] primp: response: https://html.duckduckgo.com/html/ 200
2026-03-23 11:33:04 [INFO    ] google_genai.models: AFC is enabled with max remote calls: 10.
2026-03-23 11:33:30 [INFO    ] aiohttp.access: 127.0.0.1 [23/Mar/2026:11:33:30 +0300] "GET / HTTP/1.1" 200 8881 "http://localhost:8080/" "Mozilla/5.0 (Windows NT 10.0; Win64; x64) AppleWebKit/537.36 (KHTML, like Gecko) Chrome/146.0.0.0 Safari/537.36"
2026-03-23 11:35:04 [INFO    ] httpx: HTTP Request: GET https://tadbbmsotttrpoyzwgrx.supabase.co/rest/v1/xp_settings?select=%2A&guild_id=eq.1482705779697123378 "HTTP/2 200 OK"
2026-03-23 11:35:04 [INFO    ] httpx: HTTP Request: GET https://tadbbmsotttrpoyzwgrx.supabase.co/rest/v1/xp_profiles?select=last_xp_at&guild_id=eq.1482705779697123378&user_id=eq.812169085772890152 "HTTP/2 200 OK"
2026-03-23 11:35:05 [INFO    ] httpx: HTTP Request: GET https://tadbbmsotttrpoyzwgrx.supabase.co/rest/v1/xp_profiles?select=%2A&guild_id=eq.1482705779697123378&user_id=eq.812169085772890152 "HTTP/2 200 OK"
2026-03-23 11:35:05 [INFO    ] httpx: HTTP Request: PATCH https://tadbbmsotttrpoyzwgrx.supabase.co/rest/v1/xp_profiles?guild_id=eq.1482705779697123378&user_id=eq.812169085772890152 "HTTP/2 200 OK"
2026-03-23 11:35:05 [INFO    ] httpx: HTTP Request: GET https://tadbbmsotttrpoyzwgrx.supabase.co/rest/v1/user_badges?select=badge_key&guild_id=eq.1482705779697123378&user_id=eq.812169085772890152 "HTTP/2 200 OK"
2026-03-23 11:35:35 [INFO    ] httpx: HTTP Request: POST https://generativelanguage.googleapis.com/v1beta/models/gemini-3.1-flash-lite-preview:generateContent "HTTP/1.1 200 OK"
2026-03-23 11:35:35 [INFO    ] httpx: HTTP Request: GET https://tadbbmsotttrpoyzwgrx.supabase.co/rest/v1/ai_interactions?select=interaction_count&guild_id=eq.1482705779697123378&user_id=eq.1473975741665251440 "HTTP/2 200 OK"
2026-03-23 11:35:35 [INFO    ] httpx: HTTP Request: PATCH https://tadbbmsotttrpoyzwgrx.supabase.co/rest/v1/ai_interactions?guild_id=eq.1482705779697123378&user_id=eq.1473975741665251440 "HTTP/2 200 OK"
2026-03-23 11:35:37 [INFO    ] httpx: HTTP Request: GET https://tadbbmsotttrpoyzwgrx.supabase.co/rest/v1/xp_settings?select=%2A&guild_id=eq.1482705779697123378 "HTTP/2 200 OK"
2026-03-23 11:35:37 [INFO    ] httpx: HTTP Request: GET https://tadbbmsotttrpoyzwgrx.supabase.co/rest/v1/xp_profiles?select=last_xp_at&guild_id=eq.1482705779697123378&user_id=eq.812169085772890152 "HTTP/2 200 OK"
2026-03-23 11:35:37 [INFO    ] google_genai.models: AFC is enabled with max remote calls: 10.
2026-03-23 11:35:37 [INFO    ] httpx: HTTP Request: POST https://generativelanguage.googleapis.com/v1beta/models/gemini-3-flash-preview:generateContent "HTTP/1.1 429 Too Many Requests"
2026-03-23 11:35:37 [WARNING ] cogs.ai: API key 1 rate limited. Switching to GEMINI_API_KEY backup...
2026-03-23 11:35:38 [INFO    ] google_genai.models: AFC is enabled with max remote calls: 10.
2026-03-23 11:35:39 [INFO    ] httpx: HTTP Request: POST https://generativelanguage.googleapis.com/v1beta/models/gemini-3-flash-preview:generateContent "HTTP/1.1 429 Too Many Requests"
2026-03-23 11:35:39 [WARNING ] cogs.ai: API key 2 rate limited. Switching to GEMINI_API_KEY backup...
2026-03-23 11:35:40 [INFO    ] google_genai.models: AFC is enabled with max remote calls: 10.
2026-03-23 11:35:40 [INFO    ] httpx: HTTP Request: POST https://generativelanguage.googleapis.com/v1beta/models/gemini-3-flash-preview:generateContent "HTTP/1.1 429 Too Many Requests"
2026-03-23 11:35:40 [WARNING ] cogs.ai: All keys rate limited for 3.0-flash. Falling back to 3.1-flash-lite.
2026-03-23 11:35:40 [INFO    ] google_genai.models: AFC is enabled with max remote calls: 10.
2026-03-23 11:35:41 [INFO    ] httpx: HTTP Request: POST https://generativelanguage.googleapis.com/v1beta/models/gemini-3.1-flash-lite-preview:generateContent "HTTP/1.1 200 OK"
2026-03-23 11:35:41 [INFO    ] google_genai.models: AFC is enabled with max remote calls: 10.
2026-03-23 11:35:41 [INFO    ] httpx: HTTP Request: POST https://generativelanguage.googleapis.com/v1beta/models/gemini-3-flash-preview:generateContent "HTTP/1.1 429 Too Many Requests"
2026-03-23 11:35:41 [WARNING ] cogs.ai: API key 1 rate limited. Switching to GEMINI_API_KEY backup...
2026-03-23 11:35:43 [INFO    ] google_genai.models: AFC is enabled with max remote calls: 10.
2026-03-23 11:35:43 [INFO    ] httpx: HTTP Request: POST https://generativelanguage.googleapis.com/v1beta/models/gemini-3-flash-preview:generateContent "HTTP/1.1 429 Too Many Requests"
2026-03-23 11:35:43 [WARNING ] cogs.ai: API key 2 rate limited. Switching to GEMINI_API_KEY backup...
2026-03-23 11:35:44 [INFO    ] google_genai.models: AFC is enabled with max remote calls: 10.
2026-03-23 11:35:45 [INFO    ] httpx: HTTP Request: POST https://generativelanguage.googleapis.com/v1beta/models/gemini-3-flash-preview:generateContent "HTTP/1.1 429 Too Many Requests"
2026-03-23 11:35:45 [WARNING ] cogs.ai: All keys rate limited for 3.0-flash. Falling back to 3.1-flash-lite.
2026-03-23 11:35:45 [INFO    ] google_genai.models: AFC is enabled with max remote calls: 10.
2026-03-23 11:35:45 [INFO    ] httpx: HTTP Request: POST https://generativelanguage.googleapis.com/v1beta/models/gemini-3.1-flash-lite-preview:generateContent "HTTP/1.1 429 Too Many Requests"
2026-03-23 11:35:45 [WARNING ] cogs.ai: Memory summarize error: 429 RESOURCE_EXHAUSTED. {'error': {'code': 429, 'message': 'You exceeded your current quota, please check your plan and billing details. For more information on this error, head to: https://ai.google.dev/gemini-api/docs/rate-limits. To monitor your current usage, head to: https://ai.dev/rate-limit. ', 'status': 'RESOURCE_EXHAUSTED'}}
2026-03-23 11:35:45 [INFO    ] google_genai.models: AFC is enabled with max remote calls: 10.
2026-03-23 11:35:45 [INFO    ] httpx: HTTP Request: POST https://generativelanguage.googleapis.com/v1beta/models/gemini-3.1-flash-lite-preview:generateContent "HTTP/1.1 429 Too Many Requests"
2026-03-23 11:35:45 [WARNING ] cogs.ai: API key 1 rate limited. Switching to GEMINI_API_KEY backup...
2026-03-23 11:35:47 [INFO    ] google_genai.models: AFC is enabled with max remote calls: 10.
2026-03-23 11:35:49 [INFO    ] httpx: HTTP Request: POST https://generativelanguage.googleapis.com/v1beta/models/gemini-3.1-flash-lite-preview:generateContent "HTTP/1.1 200 OK"
2026-03-23 11:35:49 [INFO    ] httpx: HTTP Request: GET https://tadbbmsotttrpoyzwgrx.supabase.co/rest/v1/ai_interactions?select=interaction_count&guild_id=eq.1482705779697123378&user_id=eq.812169085772890152 "HTTP/2 200 OK"
2026-03-23 11:35:49 [INFO    ] httpx: HTTP Request: PATCH https://tadbbmsotttrpoyzwgrx.supabase.co/rest/v1/ai_interactions?guild_id=eq.1482705779697123378&user_id=eq.812169085772890152 "HTTP/2 200 OK"
